exp_subject_id,Musician,stimulus_set,scramble,stim_num,value
342236,No,3,1B,14,13.65
342236,No,3,1B,14,19.409
342236,No,3,1B,14,30.038
342236,No,3,1B,14,37.846
342236,No,3,1B,14,47.451
342236,No,3,1B,14,55.029
342236,No,3,1B,14,63.288
342236,No,3,2B,11,4.728
342236,No,3,2B,11,12.729
342236,No,3,2B,11,17.332
342236,No,3,2B,11,20.766
342236,No,3,2B,11,26.89
342236,No,3,2B,11,30.548
342236,No,3,2B,11,33.867
342236,No,3,2B,11,37.36
342236,No,3,2B,11,48.539
342236,No,3,2B,11,53.347
342236,No,3,2B,11,57.13
342236,No,3,8B,7,4.306
342236,No,3,8B,7,10.001
342236,No,3,8B,7,15.968
342236,No,3,8B,7,32.588
342236,No,3,8B,7,44.37
342236,No,3,8B,7,49.786
342236,No,3,8B,7,58.22
342236,No,3,8B,6,10.155
342236,No,3,8B,6,14.35
342236,No,3,8B,6,17.778
342236,No,3,8B,6,44.621
342236,No,3,8B,6,48.963
342236,No,3,8B,6,55.619
342236,No,3,8B,6,58.781
342236,No,3,8B,6,61.531
342236,No,3,Intact,2,9.48
342236,No,3,Intact,2,26.089
342236,No,3,Intact,2,31.49
342236,No,3,Intact,2,35.072
342236,No,3,Intact,2,42.064
342236,No,3,Intact,2,57.574
342236,No,3,1B,16,7.076
342236,No,3,1B,16,13.461
342236,No,3,1B,16,17.088
342236,No,3,1B,16,23.047
342236,No,3,1B,16,29.355
342236,No,3,1B,16,35.477
342236,No,3,1B,16,37.636
342236,No,3,1B,16,39.135
342236,No,3,1B,16,43.169
342236,No,3,1B,16,46.563
342236,No,3,1B,16,55.169
342236,No,3,Intact,3,5.955
342236,No,3,Intact,3,9.396
342236,No,3,Intact,3,17.199
342236,No,3,Intact,3,27.006
342236,No,3,Intact,3,62.986
342236,No,3,2B,12,5.041
342236,No,3,2B,12,10.259
342236,No,3,2B,12,13.71
342236,No,3,2B,12,16.956
342236,No,3,2B,12,21.824
342236,No,3,2B,12,24.995
342236,No,3,2B,12,31.372
342236,No,3,2B,12,33.405
342236,No,3,2B,12,36.703
342236,No,3,2B,12,42.276
342236,No,3,2B,12,48.982
342236,No,3,2B,12,56.657
342236,No,3,2B,12,60.641
342299,Yes,3,8B,5,0.83
342299,Yes,3,8B,5,16.92
342299,Yes,3,8B,5,26.446
342299,Yes,3,8B,5,32.642
342299,Yes,3,8B,5,48.867
342299,Yes,3,8B,5,63.353
342299,Yes,3,Intact,1,35.528
342299,Yes,3,Intact,1,50.566
342299,Yes,3,1B,16,7.031
342299,Yes,3,1B,16,9.71
342299,Yes,3,1B,16,10.956
342299,Yes,3,1B,16,13.071
342299,Yes,3,1B,16,17.213
342299,Yes,3,1B,16,21.063
342299,Yes,3,1B,16,35.382
342299,Yes,3,1B,16,37.422
342299,Yes,3,1B,16,39.202
342299,Yes,3,1B,16,42.879
342299,Yes,3,1B,16,45.233
342299,Yes,3,1B,16,53.211
342299,Yes,3,8B,7,17.543
342299,Yes,3,8B,7,33.226
342299,Yes,3,8B,7,49.359
342299,Yes,3,Intact,3,26.255
342299,Yes,3,Intact,3,33.891
342299,Yes,3,2B,9,5.32
342299,Yes,3,2B,9,8.803
342299,Yes,3,2B,9,12.834
342299,Yes,3,2B,9,20.721
342299,Yes,3,2B,9,25.542
342299,Yes,3,2B,9,33.767
342299,Yes,3,2B,9,37.517
342299,Yes,3,2B,9,40.803
342299,Yes,3,2B,9,45.454
342299,Yes,3,2B,9,50.86
342299,Yes,3,2B,9,54.105
342299,Yes,3,2B,12,4.877
342299,Yes,3,2B,12,8.977
342299,Yes,3,2B,12,13.848
342299,Yes,3,2B,12,16.613
342299,Yes,3,2B,12,21.339
342299,Yes,3,2B,12,24.139
342299,Yes,3,2B,12,29.356
342299,Yes,3,2B,12,33.402
342299,Yes,3,2B,12,36.981
342299,Yes,3,2B,12,39.757
342299,Yes,3,2B,12,49.578
342299,Yes,3,2B,12,53.009
342299,Yes,3,2B,12,56.98
342299,Yes,3,2B,12,61.311
342299,Yes,3,2B,12,63.311
342299,Yes,3,1B,13,3.69
342299,Yes,3,1B,13,7.226
342299,Yes,3,1B,13,10.486
342299,Yes,3,1B,13,17.312
342299,Yes,3,1B,13,21.012
342299,Yes,3,1B,13,25.388
342299,Yes,3,1B,13,27.113
342299,Yes,3,1B,13,30.804
342299,Yes,3,1B,13,37.03
342299,Yes,3,1B,13,39.86
342299,Yes,3,1B,13,44.306
342299,Yes,3,1B,13,45.66
342299,Yes,3,1B,13,48.59
342299,Yes,3,1B,13,54.027
342299,Yes,3,1B,13,57.001
342301,Yes,3,Intact,3,26.234
342301,Yes,3,2B,10,16.632
342301,Yes,3,2B,10,25.547
342301,Yes,3,2B,10,29.216
342301,Yes,3,2B,10,37.133
342301,Yes,3,2B,10,44.727
342301,Yes,3,2B,10,59.394
342301,Yes,3,8B,5,16.474
342301,Yes,3,8B,5,32.445
342301,Yes,3,8B,5,48.783
342301,Yes,3,8B,5,60.351
342301,Yes,3,2B,12,4.606
342301,Yes,3,2B,12,13.003
342301,Yes,3,2B,12,16.813
342301,Yes,3,2B,12,25.471
342301,Yes,3,2B,12,31.488
342301,Yes,3,2B,12,33.21
342301,Yes,3,2B,12,39.776
342301,Yes,3,2B,12,49.371
342301,Yes,3,2B,12,54.879
342301,Yes,3,1B,15,15.011
342301,Yes,3,1B,15,27.41
342301,Yes,3,1B,15,31.79
342301,Yes,3,1B,15,41.098
342301,Yes,3,1B,15,51.604
342301,Yes,3,1B,15,59.56
342301,Yes,3,8B,7,16.898
342301,Yes,3,8B,7,32.661
342301,Yes,3,8B,7,48.808
342301,Yes,3,Intact,4,33.271
342301,Yes,3,1B,16,7.604
342301,Yes,3,1B,16,18.127
342301,Yes,3,1B,16,28.844
342301,Yes,3,1B,16,34.127
342301,Yes,3,1B,16,43.309
342301,Yes,3,1B,16,54.477
344058,No,4,8B,8,29.116
344058,No,4,8B,8,51.274
344058,No,4,1B,13,12.866
344058,No,4,1B,13,37.077
344058,No,4,1B,13,47.694
344058,No,4,1B,13,62.113
344058,No,4,8B,7,16.85
344058,No,4,8B,7,28.924
344058,No,4,8B,7,50.325
344058,No,4,2B,11,10.439
344058,No,4,2B,11,17.952
344058,No,4,2B,11,25.53
344058,No,4,2B,11,41.167
344058,No,4,2B,11,57.819
344058,No,4,1B,15,5.506
344058,No,4,1B,15,13.017
344058,No,4,1B,15,29.22
344058,No,4,1B,15,43.12
344058,No,4,1B,15,58.916
344058,No,4,1B,15,60.994
344058,No,4,2B,12,9.678
344058,No,4,2B,12,19.638
344058,No,4,2B,12,49.282
344058,No,4,Intact,3,26.127
344058,No,4,Intact,3,40.962
344058,No,4,Intact,1,10.773
344058,No,4,Intact,1,30.074
344111,Yes,3,8B,5,1.983
344111,Yes,3,8B,5,12.697
344111,Yes,3,8B,5,24.023
344111,Yes,3,8B,5,28.116
344111,Yes,3,8B,5,33.341
344111,Yes,3,8B,5,47.526
344111,Yes,3,1B,16,4.598
344111,Yes,3,1B,16,11.397
344111,Yes,3,1B,16,14.476
344111,Yes,3,1B,16,16.152
344111,Yes,3,1B,16,21.911
344111,Yes,3,1B,16,23.315
344111,Yes,3,1B,16,26.297
344111,Yes,3,1B,16,35.135
344111,Yes,3,1B,16,43.159
344111,Yes,3,1B,16,49.841
344111,Yes,3,1B,16,56.071
344111,Yes,3,2B,11,3.614
344111,Yes,3,2B,11,13.31
344111,Yes,3,2B,11,30.569
344111,Yes,3,2B,11,53.782
344111,Yes,3,Intact,2,2.623
344111,Yes,3,Intact,2,35.681
344111,Yes,3,8B,8,2.927
344111,Yes,3,8B,8,19.725
344111,Yes,3,8B,8,26.826
344111,Yes,3,8B,8,34.281
344111,Yes,3,8B,8,39.897
344111,Yes,3,8B,8,45.589
344111,Yes,3,8B,8,47.272
344111,Yes,3,8B,8,53.644
344111,Yes,3,8B,8,55.807
344111,Yes,3,8B,8,57.732
344111,Yes,3,8B,8,59.688
344111,Yes,3,8B,8,61.635
344111,Yes,3,8B,8,64.18
344111,Yes,3,2B,10,1.372
344111,Yes,3,2B,10,5.956
344111,Yes,3,2B,10,13.016
344111,Yes,3,2B,10,20.591
344111,Yes,3,2B,10,22.279
344111,Yes,3,2B,10,38.633
344111,Yes,3,2B,10,49.501
344111,Yes,3,2B,10,63.553
344111,Yes,3,1B,14,2.133
344111,Yes,3,1B,14,8.154
344111,Yes,3,1B,14,9.222
344111,Yes,3,1B,14,17.508
344111,Yes,3,1B,14,21.336
344111,Yes,3,1B,14,42.235
344111,Yes,3,1B,14,51.53
344111,Yes,3,Intact,1,28.515
344111,Yes,3,Intact,1,34.357
344111,Yes,3,Intact,1,45.751
344111,Yes,3,Intact,1,54.012
344739,Yes,4,Intact,2,2.318
344739,Yes,4,Intact,2,3.366
344739,Yes,4,Intact,2,4.584
344739,Yes,4,Intact,2,4.971
344739,Yes,4,Intact,2,6.346
344739,Yes,4,Intact,2,7.545
344739,Yes,4,Intact,2,8.737
344739,Yes,4,Intact,2,10.459
344739,Yes,4,Intact,2,12.406
344739,Yes,4,Intact,2,14.06
344739,Yes,4,Intact,2,14.603
344739,Yes,4,Intact,2,16.591
344739,Yes,4,Intact,2,18.087
344739,Yes,4,Intact,2,18.499
344739,Yes,4,Intact,2,19.946
344739,Yes,4,Intact,2,20.852
344739,Yes,4,Intact,2,21.407
344739,Yes,4,Intact,2,22.443
344739,Yes,4,Intact,2,24.441
344739,Yes,4,Intact,2,26.507
344739,Yes,4,Intact,2,27.594
344739,Yes,4,Intact,2,28.588
344739,Yes,4,Intact,2,32.092
344739,Yes,4,Intact,2,32.656
344739,Yes,4,Intact,2,34.497
344739,Yes,4,Intact,2,36.44
344739,Yes,4,Intact,2,38.304
344739,Yes,4,Intact,2,39.031
344739,Yes,4,Intact,2,40.377
344739,Yes,4,Intact,2,42.096
344739,Yes,4,Intact,2,43.958
344739,Yes,4,Intact,2,44.669
344739,Yes,4,Intact,2,45.591
344739,Yes,4,Intact,2,46.492
344739,Yes,4,Intact,2,50.565
344739,Yes,4,Intact,2,52.776
344739,Yes,4,Intact,2,54.479
344739,Yes,4,Intact,2,56.707
344739,Yes,4,Intact,2,58.518
344739,Yes,4,Intact,2,60.413
344739,Yes,4,Intact,2,62.447
344739,Yes,4,2B,12,0.928
344739,Yes,4,2B,12,1.355
344739,Yes,4,2B,12,1.891
344739,Yes,4,2B,12,2.588
344739,Yes,4,2B,12,4.451
344739,Yes,4,2B,12,5.649
344739,Yes,4,2B,12,6.433
344739,Yes,4,2B,12,8.552
344739,Yes,4,2B,12,9.235
344739,Yes,4,2B,12,10.753
344739,Yes,4,2B,12,12.415
344739,Yes,4,2B,12,14.372
344739,Yes,4,2B,12,16.375
344739,Yes,4,2B,12,18.864
344739,Yes,4,2B,12,20.636
344739,Yes,4,2B,12,21.807
344739,Yes,4,2B,12,24.377
344739,Yes,4,2B,12,26.199
344739,Yes,4,2B,12,32.706
344739,Yes,4,2B,12,37.008
344739,Yes,4,2B,12,52.504
344739,Yes,4,2B,12,54.561
344739,Yes,4,1B,14,1.432
344739,Yes,4,1B,14,2.522
344739,Yes,4,1B,14,4.773
344739,Yes,4,1B,14,5.673
344739,Yes,4,1B,14,6.934
344739,Yes,4,1B,14,7.775
344739,Yes,4,1B,14,8.839
344739,Yes,4,1B,14,11.947
344739,Yes,4,1B,14,14.93
344739,Yes,4,1B,14,17.645
344739,Yes,4,1B,14,28.761
344739,Yes,4,1B,14,31.13
344739,Yes,4,1B,14,32.921
344739,Yes,4,1B,14,37.699
344739,Yes,4,1B,14,44.568
344739,Yes,4,1B,14,56.111
344739,Yes,4,1B,14,58.236
344739,Yes,4,1B,14,60.463
344739,Yes,4,1B,14,64.227
344739,Yes,4,2B,10,4.428
344739,Yes,4,2B,10,6.584
344739,Yes,4,2B,10,8.458
344739,Yes,4,2B,10,10.591
344739,Yes,4,2B,10,13.238
344739,Yes,4,2B,10,16.5
344739,Yes,4,2B,10,21.275
344739,Yes,4,2B,10,25.257
344739,Yes,4,2B,10,28.462
344739,Yes,4,2B,10,32.76
344739,Yes,4,2B,10,36.022
344739,Yes,4,2B,10,38.593
344739,Yes,4,2B,10,40.636
344739,Yes,4,2B,10,50.951
344739,Yes,4,1B,16,3.753
344739,Yes,4,1B,16,6.613
344739,Yes,4,1B,16,10.096
344739,Yes,4,1B,16,12.769
344739,Yes,4,1B,16,18.906
344739,Yes,4,1B,16,27.651
344739,Yes,4,1B,16,30.588
344739,Yes,4,1B,16,36.829
344739,Yes,4,1B,16,42.504
344739,Yes,4,1B,16,45.715
344739,Yes,4,1B,16,48.483
344739,Yes,4,1B,16,53.437
344739,Yes,4,1B,16,57.012
344739,Yes,4,8B,5,2.586
344739,Yes,4,8B,5,17.875
344739,Yes,4,8B,5,45.141
344739,Yes,4,8B,5,46.229
344739,Yes,4,8B,5,48.518
344739,Yes,4,8B,5,54.72
344739,Yes,4,8B,6,6.207
344739,Yes,4,8B,6,12.478
344739,Yes,4,8B,6,16.808
344739,Yes,4,8B,6,22.051
344739,Yes,4,8B,6,26.797
344739,Yes,4,8B,6,29.547
344739,Yes,4,8B,6,33.477
344739,Yes,4,8B,6,38.375
344739,Yes,4,8B,6,39.983
344739,Yes,4,8B,6,44.758
344739,Yes,4,8B,6,46.963
344739,Yes,4,8B,6,53.132
344739,Yes,4,8B,6,62.687
346025,Yes,4,2B,10,14.262
346025,Yes,4,2B,10,42.206
346025,Yes,4,2B,10,59.687
346025,Yes,4,2B,9,38.489
346025,Yes,4,Intact,1,33.901
346025,Yes,4,1B,14,2.975
346025,Yes,4,1B,14,18.566
346025,Yes,4,1B,14,35.232
346025,Yes,4,1B,14,63.489
346025,Yes,4,8B,5,0.808
346025,Yes,4,8B,5,21.462
346025,Yes,4,8B,5,43.678
346025,Yes,4,8B,5,55.502
346025,Yes,4,8B,7,16.136
346025,Yes,4,8B,7,31.191
346025,Yes,4,8B,7,47.999
346025,Yes,4,8B,7,65.718
346025,Yes,4,1B,16,8.287
346025,Yes,4,1B,16,24.696
346025,Yes,4,1B,16,34.856
346025,Yes,4,1B,16,62.32
346025,Yes,4,Intact,3,43.682
352007,No,3,Intact,2,9.025
352007,No,3,Intact,2,15.141
352007,No,3,Intact,2,31.006
352007,No,3,Intact,2,48.748
352007,No,3,Intact,2,56.419
352007,No,3,2B,11,4.502
352007,No,3,2B,11,16.586
352007,No,3,2B,11,21.328
352007,No,3,2B,11,25.664
352007,No,3,2B,11,32.481
352007,No,3,2B,11,48.568
352007,No,3,2B,11,56.811
352007,No,3,2B,11,60.393
352007,No,3,2B,11,62.837
352007,No,3,8B,8,16.48
352007,No,3,8B,8,24.77
352007,No,3,8B,8,31.957
352007,No,3,8B,8,45.44
352007,No,3,8B,8,48.711
352007,No,3,8B,8,63.366
352007,No,3,2B,12,4.5
352007,No,3,2B,12,9.325
352007,No,3,2B,12,16.486
352007,No,3,2B,12,20.624
352007,No,3,2B,12,23.624
352007,No,3,2B,12,32.856
352007,No,3,2B,12,38.597
352007,No,3,2B,12,49.283
352007,No,3,2B,12,52.881
352007,No,3,2B,12,61.723
352007,No,3,1B,16,8.749
352007,No,3,1B,16,13.311
352007,No,3,1B,16,18.605
352007,No,3,1B,16,27.799
352007,No,3,1B,16,35.335
352007,No,3,1B,16,39.35
352007,No,3,1B,16,49.984
352007,No,3,1B,16,56.316
352007,No,3,1B,15,4.46
352007,No,3,1B,15,7.023
352007,No,3,1B,15,7.425
352007,No,3,1B,15,16.509
352007,No,3,1B,15,20.537
352007,No,3,1B,15,30.697
352007,No,3,1B,15,37.192
352007,No,3,1B,15,41.228
352007,No,3,1B,15,52.967
352007,No,3,1B,15,61.528
352007,No,3,8B,6,9.748
352007,No,3,8B,6,12.339
352007,No,3,8B,6,15.863
352007,No,3,8B,6,27.591
352007,No,3,8B,6,41.432
352007,No,3,8B,6,44.744
352007,No,3,8B,6,48.724
352007,No,3,8B,6,58.038
352007,No,3,Intact,4,16.684
352007,No,3,Intact,4,33.193
352007,No,3,Intact,4,47.815
352007,No,3,Intact,4,59.441
352021,No,4,8B,7,16.979
352021,No,4,2B,9,20.837
352021,No,4,2B,9,54.075
352021,No,4,1B,13,14.83
352021,No,4,1B,13,49.575
352021,No,4,2B,10,43.422
352021,No,4,8B,8,35.668
352021,No,4,1B,15,30.186
352021,No,4,1B,15,64.003
352021,No,4,Intact,1,64.859
352021,No,4,Intact,3,21.249
352021,No,4,Intact,3,38.745
352021,No,4,Intact,3,45.505
353993,Yes,4,1B,14,18.718
353993,Yes,4,1B,14,25.631
353993,Yes,4,1B,14,35.178
353993,Yes,4,1B,14,44.069
353993,Yes,4,1B,14,47.365
353993,Yes,4,1B,14,54.402
353993,Yes,4,1B,15,5.79
353993,Yes,4,1B,15,21.163
353993,Yes,4,1B,15,30.634
353993,Yes,4,8B,6,8.272
353993,Yes,4,8B,6,64.727
353993,Yes,4,Intact,1,26.899
353993,Yes,4,Intact,1,36.242
353993,Yes,4,Intact,1,66.165
353993,Yes,4,2B,10,4.157
353993,Yes,4,2B,10,10.03
353993,Yes,4,2B,10,24.559
353993,Yes,4,2B,10,36.031
353993,Yes,4,Intact,4,8.45
354009,Yes,4,1B,16,45.415
354009,Yes,4,1B,16,46.725
354009,Yes,4,1B,16,49.222
354009,Yes,4,1B,16,62.078
354009,Yes,4,1B,14,9.775
354009,Yes,4,1B,14,65.903
354009,Yes,4,8B,8,20.88
354009,Yes,4,8B,8,65.433
355341,No,4,1B,14,44.336
355341,No,4,1B,14,46.724
355343,No,3,8B,7,17.416
355343,No,3,8B,7,32.935
355343,No,3,8B,7,42.046
355343,No,3,8B,7,49.1
355343,No,3,2B,10,15.759
355343,No,3,2B,10,26.773
355343,No,3,2B,10,32.072
355343,No,3,2B,10,39.002
355343,No,3,2B,10,47.083
355343,No,3,2B,10,52.774
355343,No,3,2B,10,59.281
355343,No,3,8B,6,15.122
355343,No,3,8B,6,42.852
355343,No,3,8B,6,49.29
355343,No,3,8B,6,54.137
355343,No,3,8B,6,58.359
355343,No,3,8B,6,63.123
355343,No,3,2B,12,5.057
355343,No,3,2B,12,14.09
355343,No,3,2B,12,14.342
355343,No,3,2B,12,23.265
355343,No,3,2B,12,27.919
355343,No,3,2B,12,31.139
355343,No,3,2B,12,35.39
355343,No,3,2B,12,38.717
355343,No,3,2B,12,49.358
355343,No,3,2B,12,54.648
355343,No,3,2B,12,62.647
355343,No,3,Intact,2,16.211
355343,No,3,Intact,2,28.897
355343,No,3,Intact,2,43.241
355343,No,3,Intact,2,52.986
355343,No,3,Intact,2,61.441
355343,No,3,1B,15,5.393
355343,No,3,1B,15,15.226
355343,No,3,1B,15,22.337
355343,No,3,1B,15,27.276
355343,No,3,1B,15,31.83
355343,No,3,1B,15,36.305
355343,No,3,1B,15,43.887
355343,No,3,1B,15,52.566
355343,No,3,1B,15,58.24
355343,No,3,1B,13,5.47
355343,No,3,1B,13,11.112
355343,No,3,1B,13,16.028
355343,No,3,1B,13,22.222
355343,No,3,1B,13,26.633
355343,No,3,1B,13,31.78
355343,No,3,1B,13,36.834
355343,No,3,1B,13,47.212
355343,No,3,1B,13,54.17
355343,No,3,1B,13,64.073
355343,No,3,Intact,4,6.567
355343,No,3,Intact,4,13.161
355343,No,3,Intact,4,18.655
355343,No,3,Intact,4,23.862
355343,No,3,Intact,4,33.1
355343,No,3,Intact,4,40.027
355343,No,3,Intact,4,48.285
355343,No,3,Intact,4,54.172
355343,No,3,Intact,4,60.53
355346,No,4,Intact,1,9.289
355346,No,4,Intact,1,17.808
355346,No,4,Intact,1,25.303
355346,No,4,Intact,1,33.95
355346,No,4,Intact,2,13.16
355346,No,4,Intact,2,29.006
355346,No,4,Intact,2,42.033
355346,No,4,Intact,2,50.247
355346,No,4,2B,9,4.655
355346,No,4,2B,9,16.64
355346,No,4,2B,9,33.951
355346,No,4,2B,9,37.976
355346,No,4,2B,9,49.671
355346,No,4,2B,9,56.135
355346,No,4,2B,9,63.028
355346,No,4,1B,16,10.693
355346,No,4,1B,16,19.752
355346,No,4,1B,16,27.513
355346,No,4,1B,16,39.834
355346,No,4,1B,16,52.061
355346,No,4,8B,8,16.805
355346,No,4,8B,8,27.664
355346,No,4,8B,8,35.298
355346,No,4,8B,8,49.978
355346,No,4,1B,14,3.604
355346,No,4,1B,14,16.962
355346,No,4,1B,14,25.453
355346,No,4,1B,14,32.175
355346,No,4,1B,14,42.818
355346,No,4,1B,14,51.036
355346,No,4,8B,6,32.96
355346,No,4,8B,6,45.633
355346,No,4,8B,6,53.034
355373,No,3,Intact,2,9.353
355373,No,3,Intact,2,15.985
355373,No,3,Intact,2,27.665
355373,No,3,Intact,2,31.489
355373,No,3,Intact,2,37.457
355373,No,3,Intact,2,44.121
355373,No,3,Intact,2,57.009
355373,No,3,Intact,2,62.233
355373,No,3,1B,15,2.116
355373,No,3,1B,15,8.364
355373,No,3,1B,15,15.324
355373,No,3,1B,15,22.156
355373,No,3,1B,15,30.348
355373,No,3,1B,15,41.412
355373,No,3,1B,15,51.356
355373,No,3,1B,15,62.124
355373,No,3,2B,9,5.687
355373,No,3,2B,9,9.271
355373,No,3,2B,9,20.695
355373,No,3,2B,9,33.079
355373,No,3,2B,9,39.431
355373,No,3,2B,9,48.239
355373,No,3,2B,9,53.063
355373,No,3,2B,10,4.682
355373,No,3,2B,10,11.77
355373,No,3,2B,10,19.81
355373,No,3,2B,10,25.01
355373,No,3,2B,10,30.618
355373,No,3,2B,10,35.41
355373,No,3,2B,10,44.386
355373,No,3,2B,10,50.506
355373,No,3,2B,10,57.489
355373,No,3,1B,16,7.071
355373,No,3,1B,16,19.271
355373,No,3,1B,16,29.287
355373,No,3,1B,16,38.615
355373,No,3,1B,16,49.247
355373,No,3,1B,16,59.047
355373,No,3,8B,6,8.788
355373,No,3,8B,6,15.38
355373,No,3,8B,6,33.308
355373,No,3,8B,6,46.147
355373,No,3,8B,6,57.468
355373,No,3,Intact,3,9.276
355373,No,3,Intact,3,16.652
355373,No,3,Intact,3,24.612
355373,No,3,Intact,3,32.676
355373,No,3,8B,5,7.891
355373,No,3,8B,5,16.483
355373,No,3,8B,5,27.147
355373,No,3,8B,5,32.547
355373,No,3,8B,5,48.187
355373,No,3,8B,5,58.387
355519,No,4,2B,10,53.265
355519,No,4,8B,7,25.152
355519,No,4,8B,6,50.159
355519,No,4,1B,16,22.906
355519,No,4,2B,11,24.797
355519,No,4,Intact,4,10.694
355519,No,4,Intact,2,50.461
355519,No,4,1B,13,34.087
356778,Yes,4,8B,5,51.025
356778,Yes,4,8B,8,7.231
356778,Yes,4,8B,8,7.445
356778,Yes,4,8B,8,19.497
356778,Yes,4,8B,8,19.679
356785,Yes,4,1B,16,9.127
356785,Yes,4,1B,16,17.15
356785,Yes,4,1B,16,24
356785,Yes,4,1B,16,34.592
356785,Yes,4,Intact,1,6.803
356785,Yes,4,Intact,1,15.139
356785,Yes,4,Intact,1,29.268
356785,Yes,4,Intact,1,40.626
356785,Yes,4,Intact,1,48.912
356785,Yes,4,Intact,1,52.883
356785,Yes,4,8B,7,8.516
356785,Yes,4,8B,7,16.856
356785,Yes,4,8B,7,55.472
356785,Yes,4,1B,15,15.39
356785,Yes,4,1B,15,26.779
356785,Yes,4,1B,15,43.608
356785,Yes,4,1B,15,55.554
356785,Yes,4,1B,15,62.426
356785,Yes,4,Intact,4,35.235
356785,Yes,4,Intact,4,52.418
356785,Yes,4,2B,9,5.02
356785,Yes,4,2B,9,16.525
356785,Yes,4,2B,9,29.146
356785,Yes,4,2B,9,41.285
356785,Yes,4,8B,6,11.444
356785,Yes,4,8B,6,20.988
356785,Yes,4,2B,10,6.594
356785,Yes,4,2B,10,15.037
356785,Yes,4,2B,10,21.477
356785,Yes,4,2B,10,42.649
356799,No,4,8B,8,53.393
356799,No,4,1B,13,19.481
356799,No,4,1B,14,6.976
356799,No,4,1B,14,47.548
356799,No,4,2B,10,7.05
356799,No,4,2B,10,37.213
356799,No,4,Intact,2,5.604
356799,No,4,2B,9,37.51
356799,No,4,2B,9,52.319
356799,No,4,8B,6,64.367
356799,No,4,Intact,1,10.006
356799,No,4,Intact,1,61.095
356801,No,4,8B,5,4.105
356801,No,4,8B,5,14.648
356801,No,4,8B,5,23.764
356801,No,4,8B,5,25.518
356801,No,4,8B,5,27.14
356801,No,4,8B,5,34.11
356801,No,4,8B,5,44.079
356801,No,4,2B,9,2.222
356801,No,4,2B,9,6.028
356801,No,4,2B,9,38.515
356801,No,4,2B,9,40.786
356801,No,4,2B,9,54.81
356801,No,4,Intact,4,8.523
356801,No,4,Intact,4,12.225
356801,No,4,Intact,4,16.547
356801,No,4,Intact,4,20.712
356801,No,4,Intact,4,24.445
356801,No,4,Intact,4,28.453
356801,No,4,Intact,4,50.592
356801,No,4,1B,14,4.732
356801,No,4,1B,14,14.321
356801,No,4,1B,14,21.913
356801,No,4,1B,14,28.94
356801,No,4,1B,14,41.105
356801,No,4,1B,14,46.862
356801,No,4,1B,14,59
356801,No,4,2B,10,11.291
356801,No,4,2B,10,24.186
356801,No,4,2B,10,31.483
356801,No,4,2B,10,39.25
356801,No,4,2B,10,51.771
356801,No,4,2B,10,57.964
356801,No,4,8B,7,14.846
356801,No,4,8B,7,19.081
356801,No,4,8B,7,24.709
356801,No,4,8B,7,25.979
356801,No,4,8B,7,31.359
356801,No,4,8B,7,49.856
356801,No,4,1B,15,2.985
356801,No,4,1B,15,19.107
356801,No,4,1B,15,28.559
356801,No,4,1B,15,42.877
356801,No,4,1B,15,44.572
356801,No,4,1B,15,48.986
356801,No,4,Intact,1,4.553
356801,No,4,Intact,1,8.305
356801,No,4,Intact,1,14.97
356801,No,4,Intact,1,22.62
356801,No,4,Intact,1,34.854
356801,No,4,Intact,1,49.207
356801,No,4,Intact,1,63.109
357404,Yes,3,Intact,4,3.763
357404,Yes,3,Intact,4,6.573
357404,Yes,3,Intact,4,15.475
357404,Yes,3,Intact,4,23.461
357404,Yes,3,Intact,4,31.77
357404,Yes,3,Intact,4,39.517
357404,Yes,3,Intact,4,51.662
357404,Yes,3,Intact,4,56.155
357404,Yes,3,Intact,3,2.675
357404,Yes,3,Intact,3,6.358
357404,Yes,3,Intact,3,10.397
357404,Yes,3,Intact,3,13.963
357404,Yes,3,Intact,3,21.243
357404,Yes,3,Intact,3,25.247
357404,Yes,3,Intact,3,43.53
357404,Yes,3,Intact,3,51.8
357404,Yes,3,Intact,3,56.337
357404,Yes,3,Intact,3,60.205
357404,Yes,3,2B,11,4.891
357404,Yes,3,2B,11,9.141
357404,Yes,3,2B,11,14.634
357404,Yes,3,2B,11,18.272
357404,Yes,3,2B,11,25.106
357404,Yes,3,2B,11,29.948
357404,Yes,3,2B,11,36.148
357404,Yes,3,2B,11,49.241
357404,Yes,3,2B,11,57.432
357404,Yes,3,2B,11,62.481
357404,Yes,3,2B,12,4.713
357404,Yes,3,2B,12,12.729
357404,Yes,3,2B,12,20.882
357404,Yes,3,2B,12,25.674
357404,Yes,3,2B,12,31.695
357404,Yes,3,2B,12,38.053
357404,Yes,3,2B,12,52.152
357404,Yes,3,2B,12,62.899
357404,Yes,3,1B,13,4.796
357404,Yes,3,1B,13,6.203
357404,Yes,3,1B,13,8.794
357404,Yes,3,1B,13,11.091
357404,Yes,3,1B,13,17.984
357404,Yes,3,1B,13,23.189
357404,Yes,3,1B,13,29.502
357404,Yes,3,1B,13,36.477
357404,Yes,3,1B,13,44.006
357404,Yes,3,1B,13,48.676
357404,Yes,3,1B,13,54.945
357404,Yes,3,8B,5,12.746
357404,Yes,3,8B,5,18.054
357404,Yes,3,8B,5,26.074
357404,Yes,3,8B,5,33.07
357404,Yes,3,8B,5,49.024
357404,Yes,3,8B,5,58.639
357404,Yes,3,1B,15,3.433
357404,Yes,3,1B,15,16.722
357404,Yes,3,1B,15,20.697
357404,Yes,3,1B,15,26.821
357404,Yes,3,1B,15,31.489
357404,Yes,3,1B,15,46.84
357409,Yes,3,1B,16,7.169
357409,Yes,3,1B,16,12.771
357409,Yes,3,1B,16,17.695
357409,Yes,3,1B,16,22.46
357409,Yes,3,1B,16,34.021
357409,Yes,3,1B,16,39.22
357409,Yes,3,1B,16,43.968
357409,Yes,3,1B,16,53.036
357409,Yes,3,1B,16,57.781
357409,Yes,3,Intact,4,17.122
357409,Yes,3,Intact,4,27.573
357409,Yes,3,Intact,4,33.599
357409,Yes,3,Intact,4,44.238
357409,Yes,3,Intact,4,50.08
357409,Yes,3,Intact,4,62.011
357409,Yes,3,Intact,3,26.686
357409,Yes,3,1B,14,7.24
357409,Yes,3,1B,14,14.19
357409,Yes,3,1B,14,17.567
357409,Yes,3,1B,14,27.252
357409,Yes,3,1B,14,37.876
357409,Yes,3,1B,14,39.966
357409,Yes,3,1B,14,51.396
357409,Yes,3,1B,14,64.129
357409,Yes,3,2B,9,8.872
357409,Yes,3,2B,9,13.014
357409,Yes,3,2B,9,21.087
357409,Yes,3,2B,9,37.65
357409,Yes,3,2B,9,46.223
357409,Yes,3,8B,7,9.14
357409,Yes,3,8B,7,17.164
357409,Yes,3,8B,7,33.275
357409,Yes,3,8B,7,43.031
357409,Yes,3,8B,7,49.237
357409,Yes,3,2B,10,4.759
357409,Yes,3,2B,10,10.705
357409,Yes,3,2B,10,16.899
357409,Yes,3,2B,10,22.646
357409,Yes,3,2B,10,28.823
357409,Yes,3,2B,10,33.591
357409,Yes,3,2B,10,44.861
357409,Yes,3,2B,10,53.976
357409,Yes,3,2B,10,57.216
357409,Yes,3,8B,6,17.16
357409,Yes,3,8B,6,49.036
357409,Yes,3,8B,6,58.464
357422,No,3,8B,7,17.131
357422,No,3,8B,7,32.563
357422,No,3,8B,7,49.139
357422,No,3,8B,7,62.972
357422,No,3,Intact,3,13.576
357422,No,3,Intact,3,25.065
357422,No,3,Intact,3,63.12
357422,No,3,1B,16,6.747
357422,No,3,1B,16,12.707
357422,No,3,1B,16,22.156
357422,No,3,1B,16,29.14
357422,No,3,1B,16,34.276
357422,No,3,1B,16,37.692
357422,No,3,1B,16,43.588
357422,No,3,1B,16,49.196
357422,No,3,1B,16,53.676
357422,No,3,2B,9,5.252
357422,No,3,2B,9,9.364
357422,No,3,2B,9,13.244
357422,No,3,2B,9,20.371
357422,No,3,2B,9,34.563
357422,No,3,2B,9,37.075
357422,No,3,2B,9,41.083
357422,No,3,2B,9,45.859
357422,No,3,2B,9,53.539
357422,No,3,2B,11,4.539
357422,No,3,2B,11,9.443
357422,No,3,2B,11,18.211
357422,No,3,2B,11,21.443
357422,No,3,2B,11,24.643
357422,No,3,2B,11,31.019
357422,No,3,2B,11,33.523
357422,No,3,2B,11,48.707
357422,No,3,2B,11,52.939
357422,No,3,2B,11,57.93
357422,No,3,2B,11,63.451
357422,No,3,Intact,1,16.378
357422,No,3,Intact,1,25.234
357422,No,3,Intact,1,41.426
357422,No,3,Intact,1,57.641
357422,No,3,8B,8,16.967
357422,No,3,8B,8,33.055
357422,No,3,1B,14,5.068
357422,No,3,1B,14,6.996
357422,No,3,1B,14,9.212
357422,No,3,1B,14,13.203
357422,No,3,1B,14,16.916
357422,No,3,1B,14,26.732
357422,No,3,1B,14,34.412
357422,No,3,1B,14,38.788
357422,No,3,1B,14,44.756
357422,No,3,1B,14,47.659
357422,No,3,1B,14,53.18
357422,No,3,1B,14,63.3
357427,No,3,8B,5,16.475
357427,No,3,8B,5,32.219
357427,No,3,8B,5,48.26
357427,No,3,1B,15,23.337
357427,No,3,1B,15,27.858
357427,No,3,1B,15,35.33
357427,No,3,1B,15,40.474
357427,No,3,1B,15,59.425
357427,No,3,8B,6,16.143
357427,No,3,8B,6,48.591
357427,No,3,8B,6,58.35
357427,No,3,2B,11,0.345
357427,No,3,2B,11,17.065
357427,No,3,2B,11,30.13
357427,No,3,2B,11,48.321
357427,No,3,2B,11,53.434
357427,No,3,2B,11,56.346
357427,No,3,2B,9,9.644
357427,No,3,2B,9,20.117
357427,No,3,2B,9,24.813
357427,No,3,2B,9,40.388
357427,No,3,2B,9,52.797
357427,No,3,Intact,2,16.097
357427,No,3,Intact,2,27.113
357427,No,3,Intact,2,32.232
357427,No,3,Intact,2,36.097
357427,No,3,Intact,2,58.081
357427,No,3,1B,14,30.09
357427,No,3,1B,14,32.386
357427,No,3,1B,14,42.154
357427,No,3,1B,14,50.281
357427,No,3,1B,14,64.122
357427,No,3,Intact,3,25.455
357468,No,4,2B,10,4.751
357468,No,4,2B,10,13.05
357468,No,4,2B,10,18.083
357468,No,4,2B,10,21.576
357468,No,4,2B,10,32.593
357468,No,4,2B,10,41.073
357468,No,4,2B,10,52.576
357468,No,4,2B,10,63.162
357468,No,4,8B,8,22.315
357468,No,4,8B,8,34.227
357468,No,4,8B,8,51.251
357468,No,4,8B,8,59.042
357468,No,4,Intact,1,10.709
357468,No,4,Intact,1,19.117
357468,No,4,Intact,1,25.565
357468,No,4,Intact,1,35.325
357468,No,4,Intact,3,21.176
357468,No,4,Intact,3,30.07
357468,No,4,Intact,3,37.129
357468,No,4,Intact,3,44.832
357468,No,4,Intact,3,54.048
357468,No,4,8B,7,1.189
357468,No,4,8B,7,17.542
357468,No,4,8B,7,26.341
357468,No,4,8B,7,38.062
357468,No,4,8B,7,53.054
357468,No,4,1B,14,6.89
357468,No,4,1B,14,15.58
357468,No,4,1B,14,16.994
357468,No,4,1B,14,26.682
357468,No,4,1B,14,36.715
357468,No,4,1B,14,44.633
357468,No,4,1B,14,55.721
357468,No,4,1B,14,63.872
357468,No,4,1B,16,1.736
357468,No,4,1B,16,15.553
357468,No,4,1B,16,24.081
357468,No,4,1B,16,43.874
357468,No,4,1B,16,58.202
357468,No,4,2B,12,5.556
357468,No,4,2B,12,8.909
357468,No,4,2B,12,18.526
357468,No,4,2B,12,23.301
357468,No,4,2B,12,25.134
357468,No,4,2B,12,32.741
357468,No,4,2B,12,53.319
359105,Yes,4,Intact,4,33.382
359105,Yes,4,Intact,4,49.437
359105,Yes,4,Intact,2,10.588
359105,Yes,4,Intact,2,19.052
359105,Yes,4,Intact,2,42.077
359105,Yes,4,Intact,2,49.869
359105,Yes,4,1B,15,8.854
359105,Yes,4,1B,15,18.238
359105,Yes,4,1B,15,28.206
359105,Yes,4,1B,15,34.678
359105,Yes,4,1B,15,43.95
359105,Yes,4,1B,15,51.574
359105,Yes,4,1B,15,54.158
359105,Yes,4,1B,15,58.702
359105,Yes,4,1B,14,6.011
359105,Yes,4,1B,14,8.459
359105,Yes,4,1B,14,11.883
359105,Yes,4,1B,14,16.731
359105,Yes,4,1B,14,33.324
359105,Yes,4,1B,14,43.235
359105,Yes,4,1B,14,60.691
359105,Yes,4,2B,12,4.984
359105,Yes,4,2B,12,16.975
359105,Yes,4,2B,12,25.175
359105,Yes,4,2B,12,30.159
359105,Yes,4,2B,12,33.431
359105,Yes,4,2B,12,37.415
359105,Yes,4,2B,12,41.791
359105,Yes,4,2B,12,51.119
359105,Yes,4,2B,12,53.382
359105,Yes,4,2B,11,6.49
359105,Yes,4,2B,11,16.898
359105,Yes,4,2B,11,24.554
359105,Yes,4,2B,11,32.13
359105,Yes,4,2B,11,46.898
359105,Yes,4,2B,11,60.513
359105,Yes,4,8B,7,18.231
359105,Yes,4,8B,7,58.735
359105,Yes,4,8B,5,18.17
359105,Yes,4,8B,5,33.785
359105,Yes,4,8B,5,45.898
359105,Yes,4,8B,5,56.586
359116,Yes,3,8B,6,16.634
359116,Yes,3,8B,6,48.999
359116,Yes,3,8B,6,62.667
359116,Yes,3,2B,12,4.558
359116,Yes,3,2B,12,13.779
359116,Yes,3,2B,12,16.798
359116,Yes,3,2B,12,21.408
359116,Yes,3,2B,12,26.242
359116,Yes,3,2B,12,29.349
359116,Yes,3,2B,12,33.112
359116,Yes,3,2B,12,37.284
359116,Yes,3,2B,12,40.607
359116,Yes,3,2B,12,49.597
359116,Yes,3,2B,12,53.279
359116,Yes,3,2B,12,60.451
359116,Yes,3,Intact,1,30.47
359116,Yes,3,Intact,1,42.389
359116,Yes,3,Intact,1,50.49
359116,Yes,3,Intact,1,59.875
359116,Yes,3,1B,14,14.109
359116,Yes,3,1B,14,26.534
359116,Yes,3,1B,14,39.209
359116,Yes,3,1B,14,44.473
359116,Yes,3,1B,14,51.05
359116,Yes,3,2B,11,5.546
359116,Yes,3,2B,11,13.128
359116,Yes,3,2B,11,17.503
359116,Yes,3,2B,11,21.027
359116,Yes,3,2B,11,24.578
359116,Yes,3,2B,11,28.914
359116,Yes,3,2B,11,32.997
359116,Yes,3,2B,11,38.739
359116,Yes,3,2B,11,48.583
359116,Yes,3,2B,11,52.883
359116,Yes,3,2B,11,56.807
359116,Yes,3,2B,11,60.646
359116,Yes,3,1B,13,4.494
359116,Yes,3,1B,13,7.256
359116,Yes,3,1B,13,9.527
359116,Yes,3,1B,13,13.07
359116,Yes,3,1B,13,15.922
359116,Yes,3,1B,13,24.955
359116,Yes,3,1B,13,27.014
359116,Yes,3,1B,13,29.016
359116,Yes,3,1B,13,32.878
359116,Yes,3,1B,13,34.649
359116,Yes,3,1B,13,36.955
359116,Yes,3,1B,13,41.288
359116,Yes,3,1B,13,44.443
359116,Yes,3,1B,13,56.721
359116,Yes,3,1B,13,58.566
359116,Yes,3,1B,13,60.589
359116,Yes,3,8B,5,16.524
359116,Yes,3,8B,5,32.517
359116,Yes,3,8B,5,41.319
359116,Yes,3,8B,5,49.362
359116,Yes,3,Intact,4,17.103
359116,Yes,3,Intact,4,33.087
359116,Yes,3,Intact,4,42.408
359116,Yes,3,Intact,4,51.951
359117,Yes,4,1B,16,7.749
359117,Yes,4,1B,16,15.436
359117,Yes,4,1B,16,29.693
359117,Yes,4,1B,16,40.861
359117,Yes,4,1B,16,44.004
359117,Yes,4,1B,16,53.397
359117,Yes,4,1B,14,6.156
359117,Yes,4,1B,14,32.94
359117,Yes,4,1B,14,38.06
359117,Yes,4,1B,14,43.668
359117,Yes,4,1B,14,47.3
359117,Yes,4,1B,14,49.515
359117,Yes,4,1B,14,51.196
359117,Yes,4,1B,14,53.524
359117,Yes,4,1B,14,55.724
359117,Yes,4,1B,14,58.724
359117,Yes,4,1B,14,63.956
359117,Yes,4,8B,5,17.036
359117,Yes,4,8B,5,30.155
359117,Yes,4,8B,5,44.779
359117,Yes,4,Intact,1,17.347
359117,Yes,4,Intact,1,29.227
359117,Yes,4,Intact,1,34.235
359117,Yes,4,Intact,1,49.402
359117,Yes,4,2B,9,4.5
359117,Yes,4,2B,9,7.545
359117,Yes,4,2B,9,10.075
359117,Yes,4,2B,9,16.516
359117,Yes,4,2B,9,37.412
359117,Yes,4,2B,9,40.634
359117,Yes,4,2B,9,44.804
359117,Yes,4,2B,9,48.852
359117,Yes,4,2B,9,52.563
359117,Yes,4,2B,9,56.564
359117,Yes,4,2B,9,60.644
359117,Yes,4,Intact,3,5.115
359117,Yes,4,Intact,3,13.122
359117,Yes,4,Intact,3,16.707
359117,Yes,4,Intact,3,25.658
359117,Yes,4,Intact,3,37.003
359117,Yes,4,Intact,3,44.578
359117,Yes,4,Intact,3,49.234
359117,Yes,4,Intact,3,53.674
359117,Yes,4,Intact,3,57.65
359117,Yes,4,2B,12,4.579
359117,Yes,4,2B,12,8.907
359117,Yes,4,2B,12,16.635
359117,Yes,4,2B,12,20.258
359117,Yes,4,2B,12,26.339
359117,Yes,4,2B,12,31.027
359117,Yes,4,2B,12,32.835
359117,Yes,4,2B,12,36.915
359117,Yes,4,2B,12,41.507
359117,Yes,4,2B,12,46.819
359117,Yes,4,2B,12,50.179
359117,Yes,4,2B,12,52.929
359117,Yes,4,8B,6,10.808
359117,Yes,4,8B,6,32.48
359117,Yes,4,8B,6,49.064
359121,No,4,8B,5,2.362
359121,No,4,8B,5,3.449
359121,No,4,8B,5,5.503
359121,No,4,8B,5,7.551
359121,No,4,8B,5,9.536
359121,No,4,8B,5,11.562
359121,No,4,8B,5,13.655
359121,No,4,8B,5,15.523
359121,No,4,8B,5,17.194
359121,No,4,8B,5,18.781
359121,No,4,8B,5,20.385
359121,No,4,8B,5,21.603
359121,No,4,8B,5,22.576
359121,No,4,8B,5,23.671
359121,No,4,8B,5,24.592
359121,No,4,8B,5,25.606
359121,No,4,8B,5,26.647
359121,No,4,8B,5,27.603
359121,No,4,8B,5,28.972
359121,No,4,8B,5,32.475
359121,No,4,8B,5,34.561
359121,No,4,8B,5,36.54
359121,No,4,8B,5,38.515
359121,No,4,8B,5,40.515
359121,No,4,8B,5,42.802
359121,No,4,8B,5,44.448
359121,No,4,8B,5,46.081
359121,No,4,8B,5,47.992
359121,No,4,8B,5,50.079
359121,No,4,8B,5,52.265
359121,No,4,8B,5,54.511
359121,No,4,8B,5,56.085
359121,No,4,8B,5,58.04
359121,No,4,8B,5,60.182
359121,No,4,1B,15,0.759
359121,No,4,1B,15,4.477
359121,No,4,1B,15,8.687
359121,No,4,1B,15,10.889
359121,No,4,1B,15,12.487
359121,No,4,1B,15,14.951
359121,No,4,1B,15,17.02
359121,No,4,1B,15,18.011
359121,No,4,1B,15,20.367
359121,No,4,1B,15,22.531
359121,No,4,1B,15,24.297
359121,No,4,1B,15,26.238
359121,No,4,1B,15,27.639
359121,No,4,1B,15,29.264
359121,No,4,1B,15,30.712
359121,No,4,1B,15,32.506
359121,No,4,1B,15,35.121
359121,No,4,1B,15,36.671
359121,No,4,1B,15,39.058
359121,No,4,1B,15,41.586
359121,No,4,1B,15,43.983
359121,No,4,1B,15,47.368
359121,No,4,1B,15,48.665
359121,No,4,1B,15,52.493
359121,No,4,1B,15,54.634
359121,No,4,1B,15,57.325
359121,No,4,1B,15,59.256
359121,No,4,1B,15,61.134
359121,No,4,Intact,2,5.489
359121,No,4,Intact,2,10.542
359121,No,4,Intact,2,14.743
359121,No,4,Intact,2,18.61
359121,No,4,Intact,2,22.352
359121,No,4,Intact,2,26.386
359121,No,4,Intact,2,30.15
359121,No,4,Intact,2,32.962
359121,No,4,Intact,2,36.338
359121,No,4,Intact,2,38.214
359121,No,4,Intact,2,42.101
359121,No,4,Intact,2,50.889
359121,No,4,Intact,2,59.09
359121,No,4,Intact,1,1.177
359121,No,4,Intact,1,3.104
359121,No,4,Intact,1,5.109
359121,No,4,Intact,1,7.091
359121,No,4,Intact,1,9.032
359121,No,4,Intact,1,11.032
359121,No,4,Intact,1,13.068
359121,No,4,Intact,1,15.041
359121,No,4,Intact,1,17.296
359121,No,4,Intact,1,19.094
359121,No,4,Intact,1,21.128
359121,No,4,Intact,1,23.065
359121,No,4,Intact,1,25.091
359121,No,4,Intact,1,27.08
359121,No,4,Intact,1,29.065
359121,No,4,Intact,1,31.053
359121,No,4,Intact,1,34.632
359121,No,4,Intact,1,36.2
359121,No,4,Intact,1,38.062
359121,No,4,Intact,1,40.035
359121,No,4,Intact,1,42.039
359121,No,4,Intact,1,43.992
359121,No,4,Intact,1,46.073
359121,No,4,Intact,1,48.068
359121,No,4,Intact,1,50.065
359121,No,4,Intact,1,52.035
359121,No,4,Intact,1,54.067
359121,No,4,Intact,1,56.085
359121,No,4,Intact,1,58.071
359121,No,4,Intact,1,60.012
359121,No,4,Intact,1,62.09
359121,No,4,2B,9,4.542
359121,No,4,2B,9,7.298
359121,No,4,2B,9,9.276
359121,No,4,2B,9,16.613
359121,No,4,2B,9,33.144
359121,No,4,2B,9,38.007
359121,No,4,2B,9,41.08
359121,No,4,2B,9,44.65
359121,No,4,2B,9,52.5
359121,No,4,2B,9,56.426
359121,No,4,2B,9,60.749
359121,No,4,2B,10,4.485
359121,No,4,2B,10,8.46
359121,No,4,2B,10,12.466
359121,No,4,2B,10,14.593
359121,No,4,2B,10,16.494
359121,No,4,2B,10,20.63
359121,No,4,2B,10,28.45
359121,No,4,2B,10,32.999
359121,No,4,2B,10,40.71
359121,No,4,2B,10,49.432
359121,No,4,2B,10,52.749
359121,No,4,2B,10,56.816
359121,No,4,2B,10,60.837
359121,No,4,1B,13,4.017
359121,No,4,1B,13,12.629
359121,No,4,1B,13,19.064
359121,No,4,1B,13,23.666
359121,No,4,1B,13,30.92
359121,No,4,1B,13,37.101
359121,No,4,1B,13,42.886
359121,No,4,1B,13,48.449
359121,No,4,1B,13,52.703
359121,No,4,1B,13,61.963
359121,No,4,8B,8,17.139
359121,No,4,8B,8,24.846
359121,No,4,8B,8,33.075
359121,No,4,8B,8,48.478
359121,No,4,8B,8,58.967
360225,Yes,3,1B,13,2.277
360225,Yes,3,1B,13,59.605
360225,Yes,3,Intact,3,4.009
360225,Yes,3,Intact,3,38.561
360225,Yes,3,1B,14,43.36
360225,Yes,3,2B,9,6.41
360225,Yes,3,2B,9,49.017
360225,Yes,3,8B,6,2.925
360225,Yes,3,8B,8,9.285
360225,Yes,3,Intact,2,35.007
360230,Yes,3,8B,7,16.426
360230,Yes,3,8B,7,32.399
360230,Yes,3,8B,7,42.736
360230,Yes,3,8B,7,53.861
360230,Yes,3,1B,14,16.311
360230,Yes,3,1B,14,29.174
360230,Yes,3,1B,14,37.444
360230,Yes,3,1B,14,44.843
360230,Yes,3,1B,14,52.574
360230,Yes,3,8B,6,20.79
360230,Yes,3,8B,6,49.041
360230,Yes,3,8B,6,61.531
360230,Yes,3,2B,10,9.868
360230,Yes,3,2B,10,22.127
360230,Yes,3,2B,10,37.671
360230,Yes,3,2B,10,45.49
360230,Yes,3,2B,10,57.108
360230,Yes,3,Intact,3,5.124
360230,Yes,3,Intact,3,9.295
360230,Yes,3,Intact,3,12.607
360230,Yes,3,Intact,3,23.129
360230,Yes,3,Intact,3,27.803
360230,Yes,3,Intact,3,30.864
360230,Yes,3,1B,15,3.674
360230,Yes,3,1B,15,5.189
360230,Yes,3,1B,15,16.378
360230,Yes,3,1B,15,22.446
360230,Yes,3,1B,15,28.875
360230,Yes,3,1B,15,31.427
360230,Yes,3,1B,15,38.928
360230,Yes,3,1B,15,42.071
360230,Yes,3,1B,15,45.74
360230,Yes,3,1B,15,52.03
360230,Yes,3,1B,15,56.785
360230,Yes,3,1B,15,63.715
360230,Yes,3,2B,12,5.167
360230,Yes,3,2B,12,13.899
360230,Yes,3,2B,12,33.319
360230,Yes,3,2B,12,46.117
360230,Yes,3,2B,12,49.449
360230,Yes,3,2B,12,53.366
360230,Yes,3,2B,12,63.212
360230,Yes,3,Intact,1,9.324
360230,Yes,3,Intact,1,29.311
360230,Yes,3,Intact,1,40.505
360230,Yes,3,Intact,1,49.233
360230,Yes,3,Intact,1,58.476
360247,No,3,2B,11,45.459
360247,No,3,1B,16,1.772
360430,Yes,4,2B,9,20.385
360430,Yes,4,2B,9,22.366
360430,Yes,4,2B,9,49.824
360430,Yes,4,2B,9,52.863
360430,Yes,4,2B,9,54.835
360430,Yes,4,2B,9,58.402
360430,Yes,4,2B,9,60.373
360430,Yes,4,2B,10,10.701
360430,Yes,4,2B,10,11.81
360430,Yes,4,2B,10,13.3
360430,Yes,4,2B,10,17.429
360430,Yes,4,8B,8,1.457
360430,Yes,4,8B,8,17.645
360430,Yes,4,8B,8,18.788
360430,Yes,4,8B,8,20.282
360430,Yes,4,1B,15,2.884
360430,Yes,4,1B,15,11.578
360430,Yes,4,1B,15,12.044
360430,Yes,4,1B,15,13.034
360430,Yes,4,1B,15,18.071
360430,Yes,4,1B,15,19.077
360430,Yes,4,1B,15,21.108
360430,Yes,4,1B,16,4.907
360430,Yes,4,1B,16,7.64
360430,Yes,4,1B,16,27.75
360430,Yes,4,1B,16,28.967
360430,Yes,4,1B,16,31.036
360430,Yes,4,1B,16,34.72
360430,Yes,4,1B,16,37.208
360430,Yes,4,1B,16,55.614
360430,Yes,4,8B,7,4.739
360430,Yes,4,8B,7,13.412
360430,Yes,4,8B,7,14.968
360430,Yes,4,8B,7,16.756
360430,Yes,4,8B,7,24.36
360430,Yes,4,8B,7,28.19
360625,Yes,3,2B,9,9.839
360625,Yes,3,2B,9,21.635
360625,Yes,3,2B,9,43.599
360625,Yes,3,2B,10,12.398
360625,Yes,3,2B,10,24.845
360625,Yes,3,2B,10,32.43
360625,Yes,3,2B,10,43.378
360625,Yes,3,2B,10,45.933
360625,Yes,3,1B,16,7.083
360625,Yes,3,1B,16,13.599
360625,Yes,3,1B,16,17.732
360625,Yes,3,1B,16,22.256
360625,Yes,3,1B,16,29.547
360625,Yes,3,1B,16,34.18
360625,Yes,3,1B,16,39.043
360625,Yes,3,1B,16,50.314
360625,Yes,3,1B,16,57.6
360625,Yes,3,1B,14,13.526
360625,Yes,3,1B,14,19.85
360625,Yes,3,1B,14,23.399
360625,Yes,3,1B,14,35.523
360625,Yes,3,1B,14,47.215
360625,Yes,3,1B,14,50.915
360625,Yes,3,Intact,3,8.981
360625,Yes,3,Intact,3,17.569
360625,Yes,3,Intact,3,25.618
360625,Yes,3,Intact,3,33.614
360625,Yes,3,Intact,3,50.437
360625,Yes,3,Intact,3,60.508
360625,Yes,3,8B,8,17.064
360625,Yes,3,8B,8,31.744
360625,Yes,3,8B,8,33.537
360625,Yes,3,8B,8,47.969
360625,Yes,3,8B,7,17.511
360625,Yes,3,8B,7,34.659
360625,Yes,3,8B,7,42.446
360625,Yes,3,8B,7,50.03
360625,Yes,3,Intact,2,10.547
360625,Yes,3,Intact,2,19.187
360625,Yes,3,Intact,2,34.19
360625,Yes,3,Intact,2,35.955
360625,Yes,3,Intact,2,51.211
360645,No,3,1B,16,7.399
360645,No,3,1B,16,23.043
360645,No,3,1B,16,39.346
360645,No,3,1B,16,53.748
360645,No,3,2B,12,9.635
360645,No,3,2B,12,23.415
360645,No,3,2B,12,56.889
360645,No,3,1B,13,12.607
360645,No,3,1B,13,50.653
360645,No,3,2B,10,5.016
360645,No,3,2B,10,19.147
360645,No,3,2B,10,27.852
360645,No,3,2B,10,47.591
360645,No,3,8B,8,16.737
360645,No,3,8B,8,30.392
360645,No,3,8B,8,45.92
360645,No,3,Intact,3,13.027
360645,No,3,Intact,3,26.386
360645,No,3,Intact,3,37.448
360645,No,3,Intact,2,15.215
360645,No,3,Intact,2,31.061
360645,No,3,8B,6,14.943
360645,No,3,8B,6,45.213
360645,No,3,8B,6,58.949
361062,No,4,8B,7,30.754
361062,No,4,2B,9,57.921
361062,No,4,8B,5,29.925
361062,No,4,8B,5,54.909
361062,No,4,1B,15,30.201
361062,No,4,2B,11,47.986
361062,No,4,1B,13,37.89
361062,No,4,Intact,4,34.383
361062,No,4,Intact,3,45.223
361063,No,3,1B,15,19.045
361063,No,3,2B,9,21.603
361063,No,3,8B,6,49.406
361063,No,3,Intact,1,34.243
361063,No,3,Intact,1,50.677
361063,No,3,8B,8,16.684
361063,No,3,8B,8,34.383
361063,No,3,2B,12,5.844
361063,No,3,2B,12,31.572
361063,No,3,2B,12,56.444
361063,No,3,1B,16,24.238
361063,No,3,1B,16,40.352
361567,Yes,4,1B,14,9.87
361567,Yes,4,1B,14,27.058
361567,Yes,4,1B,14,36.386
361567,Yes,4,2B,11,19.683
361567,Yes,4,2B,11,35.074
361567,Yes,4,2B,10,17.842
361567,Yes,4,2B,10,33.737
361567,Yes,4,8B,6,17.055
361567,Yes,4,Intact,3,26.475
361567,Yes,4,Intact,3,33.17
361567,Yes,4,Intact,3,33.313
361567,Yes,4,Intact,3,33.434
361567,Yes,4,1B,16,20.344
361567,Yes,4,1B,16,23.207
361567,Yes,4,1B,16,44.391
361567,Yes,4,8B,5,8.43
361567,Yes,4,8B,5,8.614
361567,Yes,4,8B,5,8.782
361567,Yes,4,8B,5,11.054
361567,Yes,4,8B,5,11.238
361611,Yes,3,8B,5,16.649
361611,Yes,3,Intact,2,32.231
361611,Yes,3,Intact,2,34.207
361611,Yes,3,Intact,2,34.454
361611,Yes,3,Intact,2,34.703
361611,Yes,3,Intact,2,34.943
361611,Yes,3,Intact,2,35.19
361611,Yes,3,2B,9,15.201
361611,Yes,3,2B,9,20.24
361611,Yes,3,2B,9,20.617
361611,Yes,3,2B,9,29.801
361611,Yes,3,1B,13,6.473
361611,Yes,3,1B,13,24.153
361611,Yes,3,1B,13,57.257
361611,Yes,3,2B,12,41.181
361611,Yes,3,2B,12,53.326
361611,Yes,3,Intact,4,49.589
361611,Yes,3,1B,14,30.145
361611,Yes,3,8B,7,17.357
361615,Yes,4,8B,5,0.406
361615,Yes,4,8B,5,0.846
361615,Yes,4,8B,5,2.066
361615,Yes,4,8B,5,6.332
361865,No,3,Intact,4,23.089
361865,No,3,Intact,4,57.556
361865,No,3,2B,12,4.774
361865,No,3,2B,12,24.357
361865,No,3,2B,12,30.633
361865,No,3,2B,12,41.79
361865,No,3,1B,16,4.187
361865,No,3,1B,16,23.147
361865,No,3,1B,16,45.677
361865,No,3,1B,13,3.004
361865,No,3,1B,13,21.094
361865,No,3,1B,13,44.031
361865,No,3,8B,7,43.138
361865,No,3,2B,9,11.708
361865,No,3,2B,9,33.474
361865,No,3,8B,6,12.426
361865,No,3,8B,6,43.349
361865,No,3,Intact,3,26.494
361865,No,3,Intact,3,31.884
361959,Yes,4,Intact,1,9.716
361959,Yes,4,Intact,1,29.551
361959,Yes,4,Intact,1,36.417
361959,Yes,4,Intact,1,51.948
361959,Yes,4,2B,12,6.402
361959,Yes,4,2B,12,8.92
361959,Yes,4,2B,12,18.31
361959,Yes,4,2B,12,20.878
361959,Yes,4,2B,12,25.892
361959,Yes,4,2B,12,34.175
361959,Yes,4,2B,12,36.909
361959,Yes,4,2B,12,40.509
361959,Yes,4,2B,12,48.983
361959,Yes,4,2B,12,57.181
361959,Yes,4,1B,16,9.213
361959,Yes,4,1B,16,13.422
361959,Yes,4,1B,16,17.846
361959,Yes,4,1B,16,24.789
361959,Yes,4,1B,16,31.883
361959,Yes,4,1B,16,38.996
361959,Yes,4,1B,16,48.871
361959,Yes,4,1B,16,53.557
361959,Yes,4,Intact,3,6.045
361959,Yes,4,Intact,3,12.239
361959,Yes,4,Intact,3,22.197
361959,Yes,4,Intact,3,38.203
361959,Yes,4,Intact,3,45.418
361959,Yes,4,Intact,3,53.329
361959,Yes,4,8B,8,5.189
361959,Yes,4,8B,8,9.258
361959,Yes,4,8B,8,19.75
361959,Yes,4,8B,8,33.313
361959,Yes,4,8B,8,51.066
361959,Yes,4,8B,8,57.022
361959,Yes,4,1B,14,7.151
361959,Yes,4,1B,14,13.926
361959,Yes,4,1B,14,23.611
361959,Yes,4,1B,14,35.937
361959,Yes,4,1B,14,47.339
361959,Yes,4,1B,14,59.598
361959,Yes,4,2B,11,2.133
361959,Yes,4,2B,11,14.598
361959,Yes,4,2B,11,27.738
361959,Yes,4,2B,11,43.152
361959,Yes,4,2B,11,55.323
361959,Yes,4,2B,11,63.172
362551,Yes,3,1B,13,3.565
362551,Yes,3,1B,13,5.866
362551,Yes,3,1B,13,8.803
362551,Yes,3,1B,13,10.817
362551,Yes,3,1B,13,21.914
362551,Yes,3,1B,13,29.579
362551,Yes,3,1B,13,49.821
362551,Yes,3,1B,13,64.683
362551,Yes,3,1B,14,8.901
362551,Yes,3,1B,14,12.088
362551,Yes,3,1B,14,40.641
362551,Yes,3,1B,14,48.167
362551,Yes,3,1B,14,56.251
362551,Yes,3,2B,12,13.752
362551,Yes,3,2B,12,23.637
362551,Yes,3,2B,12,58.115
362551,Yes,3,2B,12,63.237
362551,Yes,3,8B,8,23.408
362551,Yes,3,2B,10,5.075
362551,Yes,3,2B,10,13.489
362551,Yes,3,2B,10,24.697
362551,Yes,3,2B,10,42.61
362551,Yes,3,Intact,4,26.363
362551,Yes,3,Intact,4,38.842
362551,Yes,3,Intact,1,28.796
362551,Yes,3,Intact,1,36.284
362551,Yes,3,8B,6,22.889
362551,Yes,3,8B,6,24.708
362551,Yes,3,8B,6,33.618
362551,Yes,3,8B,6,38.508
362551,Yes,3,8B,6,47.028
362551,Yes,3,8B,6,56.782
362553,No,3,1B,13,5.476
362553,No,3,1B,13,12.646
362553,No,3,1B,13,23.056
362553,No,3,1B,13,31.066
362553,No,3,1B,13,42.727
362553,No,3,1B,13,54.866
362553,No,3,Intact,3,4.889
362553,No,3,Intact,3,10.229
362553,No,3,Intact,3,16.649
362553,No,3,Intact,3,26.269
362553,No,3,Intact,3,30.46
362553,No,3,Intact,3,33.689
362553,No,3,Intact,3,35.709
362553,No,3,Intact,3,37.579
362553,No,3,Intact,3,41.339
362553,No,3,Intact,3,48.749
362553,No,3,Intact,3,61.87
362553,No,3,1B,14,4.615
362553,No,3,1B,14,13.685
362553,No,3,1B,14,25.385
362553,No,3,1B,14,36.646
362553,No,3,1B,14,45.926
362553,No,3,1B,14,54.335
362553,No,3,1B,14,64.266
362553,No,3,Intact,2,10.335
362553,No,3,Intact,2,19.705
362553,No,3,Intact,2,29.326
362553,No,3,Intact,2,45.946
362553,No,3,Intact,2,54.806
362553,No,3,Intact,2,61.735
362553,No,3,8B,7,10.367
362553,No,3,8B,7,17.127
362553,No,3,8B,7,32.588
362553,No,3,8B,7,43.528
362553,No,3,8B,7,60.018
362553,No,3,8B,6,14.158
362553,No,3,8B,6,33.208
362553,No,3,8B,6,43.537
362553,No,3,8B,6,49.237
362553,No,3,8B,6,54.468
362553,No,3,8B,6,61.667
362553,No,3,2B,9,5.635
362553,No,3,2B,9,13.325
362553,No,3,2B,9,20.475
362553,No,3,2B,9,33.815
362553,No,3,2B,9,42.945
362553,No,3,2B,9,57.396
362553,No,3,2B,11,5.065
362553,No,3,2B,11,12.765
362553,No,3,2B,11,18.835
362553,No,3,2B,11,25.105
362553,No,3,2B,11,31.515
362553,No,3,2B,11,46.555
362553,No,3,2B,11,55.085
362580,No,3,2B,11,4.536
362580,No,3,2B,11,12.739
362580,No,3,2B,11,17.644
362580,No,3,2B,11,25.077
362580,No,3,2B,11,28.897
362580,No,3,2B,11,32.659
362580,No,3,2B,11,36.626
362580,No,3,2B,11,41.834
362580,No,3,2B,11,45.116
362580,No,3,2B,11,48.907
362580,No,3,2B,11,53.383
362580,No,3,2B,11,56.7
362580,No,3,2B,11,61.708
362580,No,3,Intact,4,3.789
362580,No,3,Intact,4,8.003
362580,No,3,Intact,4,11.582
362580,No,3,Intact,4,15.966
362580,No,3,Intact,4,19.94
362580,No,3,Intact,4,23.989
362580,No,3,Intact,4,27.985
362580,No,3,Intact,4,31.947
362580,No,3,Intact,4,35.612
362580,No,3,Intact,4,39.689
362580,No,3,Intact,4,44.057
362580,No,3,Intact,4,48.053
362580,No,3,Intact,4,51.809
362580,No,3,Intact,4,55.863
362580,No,3,Intact,4,58.061
362580,No,3,Intact,4,59.688
362580,No,3,Intact,4,61.573
362580,No,3,Intact,4,63.537
362580,No,3,8B,5,7.597
362580,No,3,8B,5,11.823
362580,No,3,8B,5,15.796
362580,No,3,8B,5,19.474
362580,No,3,8B,5,23.979
362580,No,3,8B,5,29.214
362580,No,3,8B,5,33.496
362580,No,3,8B,5,39.839
362580,No,3,8B,5,43.757
362580,No,3,8B,5,47.279
362580,No,3,8B,5,51.973
362580,No,3,8B,5,57.887
362580,No,3,8B,5,61.444
362580,No,3,8B,5,64.333
362580,No,3,2B,10,4.907
362580,No,3,2B,10,7.629
362580,No,3,2B,10,10.17
362580,No,3,2B,10,12.784
362580,No,3,2B,10,16.016
362580,No,3,2B,10,19.053
362580,No,3,2B,10,22.107
362580,No,3,2B,10,25.865
362580,No,3,2B,10,28.599
362580,No,3,2B,10,32.19
362580,No,3,2B,10,34.582
362580,No,3,2B,10,36.798
362580,No,3,2B,10,39.601
362580,No,3,2B,10,43.443
362580,No,3,2B,10,48.788
362580,No,3,2B,10,52.447
362580,No,3,2B,10,56.975
362580,No,3,2B,10,60.748
362580,No,3,1B,15,2.07
362580,No,3,1B,15,3.948
362580,No,3,1B,15,6.409
362580,No,3,1B,15,8.013
362580,No,3,1B,15,9.834
362580,No,3,1B,15,12.78
362580,No,3,1B,15,15.691
362580,No,3,1B,15,20.488
362580,No,3,1B,15,22.178
362580,No,3,1B,15,23.999
362580,No,3,1B,15,26.488
362580,No,3,1B,15,30.433
362580,No,3,1B,15,32.575
362580,No,3,1B,15,35.932
362580,No,3,1B,15,37.976
362580,No,3,1B,15,39.517
362580,No,3,1B,15,43.462
362580,No,3,1B,15,46.551
362580,No,3,1B,15,49.04
362580,No,3,1B,15,54.35
362580,No,3,1B,15,57.325
362580,No,3,1B,15,62.012
362580,No,3,Intact,1,5.413
362580,No,3,Intact,1,9.929
362580,No,3,Intact,1,12.601
362580,No,3,Intact,1,16.312
362580,No,3,Intact,1,20.851
362580,No,3,Intact,1,28.337
362580,No,3,Intact,1,32.385
362580,No,3,Intact,1,36.255
362580,No,3,Intact,1,44.569
362580,No,3,Intact,1,49.524
362580,No,3,Intact,1,57.106
362580,No,3,8B,8,4.38
362580,No,3,8B,8,17.071
362580,No,3,8B,8,32.395
362580,No,3,8B,8,44.271
362580,No,3,8B,8,64.162
362580,No,3,1B,14,1.847
362580,No,3,1B,14,14.807
362580,No,3,1B,14,18.387
362580,No,3,1B,14,26.421
362580,No,3,1B,14,36.601
362580,No,3,1B,14,49.139
362580,No,3,1B,14,60.473
362637,No,4,1B,14,2.543
362637,No,4,1B,14,8.431
362637,No,4,1B,14,16.631
362637,No,4,1B,14,26.054
362637,No,4,1B,14,28.591
362637,No,4,1B,14,35.719
362637,No,4,1B,14,46.438
362637,No,4,1B,14,63.591
362637,No,4,Intact,3,11.155
362637,No,4,Intact,3,17.475
362637,No,4,Intact,3,26.17
362637,No,4,Intact,3,37.779
362637,No,4,Intact,3,45.274
362637,No,4,Intact,3,58.387
362637,No,4,Intact,2,4.842
362637,No,4,Intact,2,11.522
362637,No,4,Intact,2,18.891
362637,No,4,Intact,2,30.092
362637,No,4,Intact,2,35.818
362637,No,4,Intact,2,50.778
362637,No,4,Intact,2,59.194
362637,No,4,2B,10,4.53
362637,No,4,2B,10,13.243
362637,No,4,2B,10,20.867
362637,No,4,2B,10,36.626
362637,No,4,2B,10,40.834
362637,No,4,2B,10,55.61
362637,No,4,1B,15,8.826
362637,No,4,1B,15,28.523
362637,No,4,1B,15,35.905
362637,No,4,1B,15,43.002
362637,No,4,1B,15,51.21
362637,No,4,1B,15,60.809
362637,No,4,2B,12,6.364
362637,No,4,2B,12,19.971
362637,No,4,2B,12,41.01
362637,No,4,2B,12,52.883
362637,No,4,8B,6,10.783
362637,No,4,8B,6,26.07
362637,No,4,8B,6,32.855
362637,No,4,8B,6,51.278
362637,No,4,8B,5,9.536
362637,No,4,8B,5,17.623
362637,No,4,8B,5,29.215
362637,No,4,8B,5,46.351
363111,Yes,4,2B,12,3.42
363707,No,3,2B,12,5.989
363707,No,3,2B,12,11.368
363707,No,3,2B,12,24.024
363707,No,3,2B,12,37.018
363707,No,3,2B,12,58.422
363707,No,3,2B,11,11.701
363707,No,3,2B,11,26.218
363707,No,3,2B,11,51.303
363707,No,3,Intact,2,10.545
363707,No,3,Intact,2,28.28
363707,No,3,Intact,2,32.039
363707,No,3,Intact,2,57.547
363707,No,3,1B,14,37.019
363707,No,3,1B,14,45.603
363707,No,3,1B,14,47.328
363707,No,3,1B,14,57.456
363707,No,3,8B,5,33.132
363707,No,3,8B,7,20.031
363707,No,3,8B,7,50.143
363707,No,3,8B,7,65.234
363707,No,3,Intact,3,14.44
363707,No,3,Intact,3,25.023
363707,No,3,Intact,3,35.784
363707,No,3,Intact,3,46.464
363707,No,3,1B,15,6.464
363707,No,3,1B,15,20.261
363707,No,3,1B,15,39.435
364125,No,3,Intact,3,8.659
364125,No,3,Intact,3,11.548
364125,No,3,Intact,3,13.339
364125,No,3,Intact,3,21.115
364125,No,3,Intact,3,23.763
364125,No,3,Intact,3,29.587
364125,No,3,Intact,3,31.299
364125,No,3,Intact,3,32.251
364125,No,3,Intact,3,33.947
364125,No,3,Intact,3,35.547
364125,No,3,Intact,3,37.322
364125,No,3,Intact,3,39.579
364125,No,3,Intact,3,41.746
364125,No,3,Intact,3,43.754
364125,No,3,Intact,3,45.794
364125,No,3,Intact,3,47.595
364125,No,3,Intact,3,49.555
364125,No,3,Intact,3,51.514
364125,No,3,Intact,3,53.562
364125,No,3,Intact,3,55.587
364125,No,3,Intact,3,57.682
364125,No,3,Intact,3,59.77
364125,No,3,Intact,3,61.642
364125,No,3,Intact,2,9.068
364125,No,3,Intact,2,10.9
364125,No,3,Intact,2,12.515
364125,No,3,Intact,2,15.436
364125,No,3,Intact,2,16.595
364125,No,3,Intact,2,17.628
364125,No,3,Intact,2,18.795
364125,No,3,Intact,2,21.116
364125,No,3,Intact,2,22.891
364125,No,3,Intact,2,26.323
364125,No,3,Intact,2,36.05
364125,No,3,Intact,2,37.435
364125,No,3,Intact,2,40.667
364125,No,3,Intact,2,41.77
364125,No,3,Intact,2,41.963
364125,No,3,Intact,2,45.29
364125,No,3,Intact,2,50.075
364125,No,3,Intact,2,52.61
364125,No,3,Intact,2,56.594
364125,No,3,Intact,2,58.802
364125,No,3,Intact,2,60.299
364125,No,3,Intact,2,62.675
364125,No,3,8B,6,6.147
364125,No,3,8B,6,8.867
364125,No,3,8B,6,10.987
364125,No,3,8B,6,14.995
364125,No,3,8B,6,16.635
364125,No,3,8B,6,21.042
364125,No,3,8B,6,25.082
364125,No,3,8B,6,30.29
364125,No,3,8B,6,36.699
364125,No,3,8B,6,42.539
364125,No,3,8B,6,48.666
364125,No,3,8B,6,51.475
364125,No,3,8B,6,57.618
364125,No,3,8B,6,62.05
364125,No,3,8B,6,63.018
364125,No,3,1B,14,8.527
364125,No,3,1B,14,13.606
364125,No,3,1B,14,18.55
364125,No,3,1B,14,24.982
364125,No,3,1B,14,26.566
364125,No,3,1B,14,39.174
364125,No,3,1B,14,45.693
364125,No,3,1B,14,55.462
364125,No,3,1B,14,64.429
364125,No,3,8B,7,13.517
364125,No,3,8B,7,16.981
364125,No,3,8B,7,33.077
364125,No,3,8B,7,50.182
364125,No,3,8B,7,61.517
364125,No,3,2B,10,4.886
364125,No,3,2B,10,13.158
364125,No,3,2B,10,16.454
364125,No,3,2B,10,21.622
364125,No,3,2B,10,24.941
364125,No,3,2B,10,28.35
364125,No,3,2B,10,37.126
364125,No,3,2B,10,46.254
364125,No,3,2B,10,48.67
364125,No,3,2B,10,56.525
364125,No,3,2B,10,59.117
364125,No,3,2B,10,60.901
364125,No,3,1B,15,14.111
364125,No,3,1B,15,16.566
364125,No,3,1B,15,27.622
364125,No,3,1B,15,35.334
364125,No,3,1B,15,46.557
364125,No,3,1B,15,49.678
364125,No,3,1B,15,53.038
364125,No,3,1B,15,59.637
364125,No,3,1B,15,61.03
364125,No,3,2B,12,4.533
364125,No,3,2B,12,10.085
364125,No,3,2B,12,13.004
364125,No,3,2B,12,20.732
364125,No,3,2B,12,24.604
364125,No,3,2B,12,33.252
364125,No,3,2B,12,52.557
364125,No,3,2B,12,55.508
364125,No,3,2B,12,56.9
364125,No,3,2B,12,60.868
364125,No,3,2B,12,62.444
385575,Yes,3,8B,5,10.459
385575,Yes,3,8B,5,63.657
385575,Yes,3,2B,9,23.85
385575,Yes,3,2B,11,14.043
385575,Yes,3,2B,11,48.279
385575,Yes,3,8B,8,22.478
385575,Yes,3,1B,15,34.964
385575,Yes,3,1B,15,57.565
385575,Yes,3,1B,13,5.74
385575,Yes,3,1B,13,19.153
385575,Yes,3,1B,13,51.364
385575,Yes,3,Intact,3,11.581
385575,Yes,3,Intact,3,30.255
385577,Yes,3,1B,13,4.788
385577,Yes,3,1B,13,10.416
385577,Yes,3,1B,13,24.818
385577,Yes,3,1B,13,57.646
385577,Yes,3,1B,14,17.911
385577,Yes,3,1B,14,39.632
385577,Yes,3,1B,14,51.793
385577,Yes,3,2B,9,8.691
385577,Yes,3,2B,9,16.871
385577,Yes,3,2B,9,23.535
385577,Yes,3,2B,9,34.134
385577,Yes,3,2B,9,39.841
385577,Yes,3,2B,9,59.343
385577,Yes,3,Intact,3,4.855
385577,Yes,3,Intact,3,8.691
385577,Yes,3,Intact,3,13.845
385577,Yes,3,Intact,3,16.977
385577,Yes,3,Intact,3,25.951
385577,Yes,3,Intact,3,31.077
385577,Yes,3,Intact,3,45.99
385577,Yes,3,Intact,3,63.305
385577,Yes,3,2B,11,4.679
385577,Yes,3,2B,11,9.892
385577,Yes,3,2B,11,18.747
385577,Yes,3,2B,11,25.343
385577,Yes,3,2B,11,37.981
385577,Yes,3,2B,11,43.417
385577,Yes,3,2B,11,46.05
385577,Yes,3,2B,11,50.886
385577,Yes,3,2B,11,54.186
385577,Yes,3,2B,11,60.775
385577,Yes,3,8B,5,9.462
385577,Yes,3,8B,5,17.057
385577,Yes,3,8B,5,32.997
385577,Yes,3,8B,5,49.624
385577,Yes,3,Intact,2,11.114
385577,Yes,3,Intact,2,17.417
385577,Yes,3,Intact,2,27.351
385577,Yes,3,Intact,2,32.861
385577,Yes,3,Intact,2,42.985
385577,Yes,3,Intact,2,61.585
385577,Yes,3,8B,8,16.548
385577,Yes,3,8B,8,26.083
385577,Yes,3,8B,8,33.311
385577,Yes,3,8B,8,48.741
385662,Yes,4,8B,7,17.584
385662,Yes,4,8B,5,54.027
385662,Yes,4,Intact,1,28.166
385662,Yes,4,2B,11,18.361
385673,No,4,8B,5,8.296
385673,No,4,8B,5,9.469
385673,No,4,1B,16,24.771
385673,No,4,Intact,4,3.72
385673,No,4,Intact,4,58.409
385673,No,4,Intact,3,41.989
385673,No,4,2B,10,22.235
385673,No,4,1B,13,35.436
385673,No,4,1B,13,50.404
385673,No,4,2B,9,18.647
385673,No,4,2B,9,60.611
385673,No,4,8B,6,2.602
388167,Yes,4,1B,15,19.905
388167,Yes,4,1B,15,29.226
388167,Yes,4,1B,15,44.3
388167,Yes,4,1B,15,60.12
388167,Yes,4,Intact,1,49.863
388167,Yes,4,Intact,4,34.054
388167,Yes,4,Intact,4,49.953
388167,Yes,4,8B,6,33.061
388167,Yes,4,8B,6,51.79
388167,Yes,4,1B,13,38.141
388167,Yes,4,1B,13,46.94
388167,Yes,4,8B,7,35.26
388167,Yes,4,8B,7,50.037
388167,Yes,4,2B,12,17.93
388167,Yes,4,2B,12,25.581
388167,Yes,4,2B,12,33.02
388167,Yes,4,2B,12,38.047
388167,Yes,4,2B,11,9.759
388167,Yes,4,2B,11,41.202
388167,Yes,4,2B,11,57.523
388171,Yes,4,1B,16,7.038
388171,Yes,4,1B,16,17.103
388171,Yes,4,1B,16,32.382
388171,Yes,4,8B,7,16.479
388171,Yes,4,8B,7,33.839
388171,Yes,4,8B,7,44.248
388171,Yes,4,8B,6,8.732
388171,Yes,4,8B,6,10.843
388171,Yes,4,8B,6,32.695
388171,Yes,4,8B,6,47.915
388171,Yes,4,1B,13,8.428
388171,Yes,4,1B,13,17.272
388171,Yes,4,1B,13,22.966
388171,Yes,4,1B,13,37.162
388171,Yes,4,1B,13,40.878
388171,Yes,4,1B,13,47.919
388171,Yes,4,1B,13,59.415
388171,Yes,4,1B,13,62.109
388171,Yes,4,Intact,2,8.976
388171,Yes,4,Intact,2,10.319
388171,Yes,4,Intact,2,17.865
388171,Yes,4,Intact,2,35.185
388171,Yes,4,Intact,2,64.002
388171,Yes,4,2B,9,16.491
388171,Yes,4,2B,9,22.177
388171,Yes,4,2B,9,26.653
388171,Yes,4,2B,9,29.771
388171,Yes,4,2B,9,42.307
388171,Yes,4,2B,9,53.654
388171,Yes,4,2B,9,60.581
388171,Yes,4,2B,12,6.199
388171,Yes,4,2B,12,17.161
388171,Yes,4,2B,12,29.046
388171,Yes,4,2B,12,48.651
388171,Yes,4,Intact,4,34.361
388216,Yes,3,8B,8,15.146
388216,Yes,3,8B,8,23.33
388216,Yes,3,8B,8,57.158
388216,Yes,3,1B,13,5.915
388216,Yes,3,1B,13,9.479
388216,Yes,3,1B,13,19.751
388216,Yes,3,1B,13,31.435
388216,Yes,3,1B,15,4.795
388216,Yes,3,1B,15,18.311
388216,Yes,3,1B,15,30.574
388216,Yes,3,1B,15,39.554
388216,Yes,3,1B,15,58.607
388216,Yes,3,1B,15,61.919
388216,Yes,3,2B,11,14.886
388216,Yes,3,2B,11,27.127
388216,Yes,3,2B,11,46.935
388216,Yes,3,Intact,1,9.89
388216,Yes,3,Intact,1,32.09
388216,Yes,3,Intact,1,58.762
388216,Yes,3,8B,6,14.416
388216,Yes,3,8B,6,38
388216,Yes,3,Intact,4,17.08
388216,Yes,3,Intact,4,22.807
388216,Yes,3,Intact,4,42.263
388216,Yes,3,Intact,4,62.143
388216,Yes,3,2B,9,10.352
388216,Yes,3,2B,9,22.396
388216,Yes,3,2B,9,49.148
389621,Yes,3,Intact,4,16.717
389621,Yes,3,Intact,4,25.556
389621,Yes,3,Intact,4,33.342
389621,Yes,3,Intact,4,41.162
389621,Yes,3,Intact,4,49.383
389621,Yes,3,Intact,4,56.714
389621,Yes,3,Intact,4,62.937
389621,Yes,3,1B,15,5.481
389621,Yes,3,1B,15,8.878
389621,Yes,3,1B,15,15.052
389621,Yes,3,1B,15,20.959
389621,Yes,3,1B,15,24.996
389621,Yes,3,1B,15,30.891
389621,Yes,3,1B,15,39.739
389621,Yes,3,1B,15,44.718
389621,Yes,3,1B,15,58.602
389621,Yes,3,1B,15,61.082
389621,Yes,3,Intact,2,34.903
389621,Yes,3,Intact,2,50.691
389621,Yes,3,1B,13,4.633
389621,Yes,3,1B,13,7.65
389621,Yes,3,1B,13,8.985
389621,Yes,3,1B,13,10.802
389621,Yes,3,1B,13,12.543
389621,Yes,3,1B,13,16.72
389621,Yes,3,1B,13,21.125
389621,Yes,3,1B,13,23.049
389621,Yes,3,1B,13,24.937
389621,Yes,3,1B,13,26.943
389621,Yes,3,1B,13,28.884
389621,Yes,3,1B,13,30.75
389621,Yes,3,1B,13,35.14
389621,Yes,3,1B,13,36.748
389621,Yes,3,1B,13,39.133
389621,Yes,3,1B,13,42.617
389621,Yes,3,1B,13,44.815
389621,Yes,3,1B,13,46.72
389621,Yes,3,1B,13,48.043
389621,Yes,3,1B,13,53.307
389621,Yes,3,1B,13,56.763
389621,Yes,3,1B,13,65.27
389621,Yes,3,8B,8,16.674
389621,Yes,3,8B,8,31.89
389621,Yes,3,8B,8,47.283
389621,Yes,3,8B,5,16.855
389621,Yes,3,8B,5,32.691
389621,Yes,3,8B,5,48.76
389621,Yes,3,2B,11,4.584
389621,Yes,3,2B,11,13.438
389621,Yes,3,2B,11,17.716
389621,Yes,3,2B,11,20.969
389621,Yes,3,2B,11,24.682
389621,Yes,3,2B,11,30.673
389621,Yes,3,2B,11,32.752
389621,Yes,3,2B,11,38.112
389621,Yes,3,2B,11,48.714
389621,Yes,3,2B,11,52.727
389621,Yes,3,2B,11,56.788
389621,Yes,3,2B,11,58.592
389621,Yes,3,2B,11,61.386
389621,Yes,3,2B,9,9.726
389621,Yes,3,2B,9,14.625
389621,Yes,3,2B,9,20.42
389621,Yes,3,2B,9,37.176
389621,Yes,3,2B,9,40.985
389621,Yes,3,2B,9,53.339
389621,Yes,3,2B,9,64.762
389641,Yes,3,Intact,1,8.61
389641,Yes,3,Intact,1,11.512
389641,Yes,3,Intact,1,31.016
389641,Yes,3,Intact,1,54.273
389641,Yes,3,Intact,1,55.692
389641,Yes,3,8B,5,8.55
389641,Yes,3,8B,5,12.109
389641,Yes,3,8B,5,14.13
389641,Yes,3,8B,5,18.338
389641,Yes,3,8B,5,30.799
389641,Yes,3,1B,15,2.024
389641,Yes,3,1B,15,5.935
389641,Yes,3,1B,15,17.054
389641,Yes,3,1B,15,30.485
389641,Yes,3,1B,15,40.899
389641,Yes,3,1B,15,58.659
389641,Yes,3,1B,14,7.606
389641,Yes,3,1B,14,9.626
389641,Yes,3,1B,14,14.076
389641,Yes,3,1B,14,26.427
389641,Yes,3,1B,14,37.969
389641,Yes,3,1B,14,47.115
389641,Yes,3,1B,14,47.399
389641,Yes,3,2B,9,5.963
389641,Yes,3,2B,9,12.383
389641,Yes,3,2B,9,14.79
389641,Yes,3,2B,9,16.541
389641,Yes,3,2B,9,22.997
389641,Yes,3,2B,9,36.005
389641,Yes,3,2B,9,40.311
389641,Yes,3,2B,9,45.086
389641,Yes,3,Intact,3,2.992
389641,Yes,3,Intact,3,5.148
389641,Yes,3,Intact,3,17.12
389641,Yes,3,Intact,3,36.063
389641,Yes,3,Intact,3,37.876
389641,Yes,3,Intact,3,48.192
389641,Yes,3,Intact,3,57.564
389641,Yes,3,Intact,3,62.924
389641,Yes,3,8B,8,1.647
389641,Yes,3,8B,8,3.766
389641,Yes,3,8B,8,16.216
389641,Yes,3,8B,8,20.162
389641,Yes,3,8B,8,29.642
389641,Yes,3,8B,8,36.458
389641,Yes,3,8B,8,51.627
389641,Yes,3,8B,8,52.524
389641,Yes,3,8B,8,63.66
389641,Yes,3,2B,10,2.185
389641,Yes,3,2B,10,4.647
389641,Yes,3,2B,10,13.13
389641,Yes,3,2B,10,39.818
389641,Yes,3,2B,10,43.9
389641,Yes,3,2B,10,49.287
389641,Yes,3,2B,10,54.826
483538,Yes,4,Intact,3,18.505
483538,Yes,4,Intact,3,40.05
483538,Yes,4,Intact,3,44.862
483538,Yes,4,8B,8,28.65
483538,Yes,4,8B,8,34.319
483538,Yes,4,8B,8,38.876
483538,Yes,4,8B,8,52.444
483538,Yes,4,Intact,4,32.879
483538,Yes,4,Intact,4,63.819
483538,Yes,4,8B,5,17.247
483538,Yes,4,8B,5,32.341
483538,Yes,4,8B,5,53.535
483538,Yes,4,2B,9,18.618
483538,Yes,4,2B,9,33.52
483538,Yes,4,2B,9,37.816
483538,Yes,4,2B,9,46.16
483538,Yes,4,2B,9,57.666
483538,Yes,4,2B,11,10.566
483538,Yes,4,2B,11,25.698
483538,Yes,4,2B,11,33.846
483538,Yes,4,2B,11,42.243
483538,Yes,4,2B,11,53.217
483538,Yes,4,2B,11,59.643
483538,Yes,4,1B,15,10.289
483538,Yes,4,1B,15,19.927
483538,Yes,4,1B,15,29.863
483538,Yes,4,1B,15,43.287
483538,Yes,4,1B,15,48.002
483538,Yes,4,1B,15,61.19
483538,Yes,4,1B,14,4.941
483538,Yes,4,1B,14,16.548
483538,Yes,4,1B,14,32.418
483538,Yes,4,1B,14,38.079
483538,Yes,4,1B,14,44.086
483538,Yes,4,1B,14,60.024
481793,No,4,8B,5,9.501
481793,No,4,8B,5,17.064
481793,No,4,8B,5,29.299
481793,No,4,8B,5,46.059
481793,No,4,8B,5,53.139
481793,No,4,1B,14,3.273
481793,No,4,1B,14,8.695
481793,No,4,1B,14,13.149
481793,No,4,1B,14,18.021
481793,No,4,1B,14,22.152
481793,No,4,1B,14,27.929
481793,No,4,1B,14,33.186
481793,No,4,1B,14,38.785
481793,No,4,1B,14,43.986
481793,No,4,1B,14,47.121
481793,No,4,1B,14,56.03
481793,No,4,1B,14,64.91
481793,No,4,Intact,3,6.721
481793,No,4,Intact,3,29.922
481793,No,4,Intact,3,37.834
481793,No,4,Intact,3,38.092
481793,No,4,Intact,3,42.833
481793,No,4,Intact,3,45.332
481793,No,4,Intact,3,52.058
481793,No,4,Intact,2,6.659
481793,No,4,Intact,2,11.058
481793,No,4,Intact,2,20.642
481793,No,4,Intact,2,42.026
481793,No,4,Intact,2,52.156
481793,No,4,Intact,2,62.582
481793,No,4,1B,16,3.943
481793,No,4,1B,16,14.133
481793,No,4,1B,16,14.971
481793,No,4,1B,16,21.46
481793,No,4,1B,16,28.46
481793,No,4,1B,16,39.472
481793,No,4,1B,16,49.486
481793,No,4,1B,16,55.03
481793,No,4,2B,9,5.441
481793,No,4,2B,9,20.059
481793,No,4,2B,9,35.449
481793,No,4,2B,9,42.906
481793,No,4,2B,9,54.03
481793,No,4,2B,9,55.717
481793,No,4,2B,9,63.544
481793,No,4,8B,6,15.533
481793,No,4,8B,6,26.529
481793,No,4,8B,6,33.159
481793,No,4,8B,6,48.918
481793,No,4,8B,6,58.511
481793,No,4,2B,11,5.061
481793,No,4,2B,11,11.929
481793,No,4,2B,11,17.21
481793,No,4,2B,11,23.182
481793,No,4,2B,11,30.793
481793,No,4,2B,11,38.529
481793,No,4,2B,11,45.138
481793,No,4,2B,11,51.334
481793,No,4,2B,11,57.298
481795,No,4,Intact,2,18.407
481795,No,4,Intact,2,21.298
481795,No,4,Intact,2,24.31
481795,No,4,Intact,2,24.603
481795,No,4,Intact,2,27.479
481795,No,4,Intact,2,30.141
481795,No,4,Intact,2,36.168
481795,No,4,Intact,2,50.573
481795,No,4,Intact,1,9.332
481795,No,4,Intact,1,17.539
481795,No,4,Intact,1,25.129
481795,No,4,Intact,1,33.283
481795,No,4,Intact,1,49.02
481795,No,4,2B,10,4.483
481795,No,4,2B,10,9.199
481795,No,4,2B,10,12.911
481795,No,4,2B,10,16.531
481795,No,4,2B,10,20.605
481795,No,4,2B,10,25.224
481795,No,4,2B,10,28.637
481795,No,4,2B,10,33.298
481795,No,4,2B,10,40.624
481795,No,4,2B,10,49.131
481795,No,4,2B,10,52.567
481795,No,4,2B,10,56.618
481795,No,4,8B,5,9.47
481795,No,4,8B,5,16.857
481795,No,4,8B,5,21.726
481795,No,4,8B,5,28.395
481795,No,4,8B,5,38.362
481795,No,4,8B,5,44.912
481795,No,4,8B,6,32.413
481795,No,4,8B,6,41.565
481795,No,4,8B,6,41.828
481795,No,4,8B,6,48.758
481795,No,4,2B,12,6.164
481795,No,4,2B,12,8.861
481795,No,4,2B,12,16.494
481795,No,4,2B,12,21.661
481795,No,4,2B,12,24.732
481795,No,4,2B,12,28.946
481795,No,4,2B,12,32.53
481795,No,4,2B,12,40.797
481795,No,4,2B,12,44.675
481795,No,4,2B,12,52.561
481795,No,4,1B,16,6.583
481795,No,4,1B,16,9.213
481795,No,4,1B,16,11.181
481795,No,4,1B,16,14.291
481795,No,4,1B,16,16.664
481795,No,4,1B,16,18.601
481795,No,4,1B,16,20.448
481795,No,4,1B,16,20.69
481795,No,4,1B,16,22.743
481795,No,4,1B,16,23.436
481795,No,4,1B,16,24.602
481795,No,4,1B,16,26.15
481795,No,4,1B,16,30.52
481795,No,4,1B,16,32.75
481795,No,4,1B,16,36.184
481795,No,4,1B,16,38.366
481795,No,4,1B,16,42.346
481795,No,4,1B,16,44.788
481795,No,4,1B,16,46.661
481795,No,4,1B,16,48.67
481795,No,4,1B,16,52.705
481795,No,4,1B,16,55.058
481795,No,4,1B,16,56.808
481795,No,4,1B,16,58.214
481795,No,4,1B,16,58.515
481795,No,4,1B,15,2.744
481795,No,4,1B,15,4.514
481795,No,4,1B,15,8.336
481795,No,4,1B,15,10.945
481795,No,4,1B,15,11.853
481795,No,4,1B,15,14.56
481795,No,4,1B,15,16.126
481795,No,4,1B,15,20.365
481795,No,4,1B,15,22.447
481795,No,4,1B,15,26.524
481795,No,4,1B,15,28.34
481795,No,4,1B,15,30.199
481795,No,4,1B,15,32.495
481795,No,4,1B,15,36.329
481795,No,4,1B,15,38.363
481795,No,4,1B,15,42.336
481795,No,4,1B,15,44.901
481795,No,4,1B,15,48.232
481795,No,4,1B,15,52.15
481795,No,4,1B,15,56.174
481795,No,4,1B,15,59.574
481795,No,4,1B,15,62.931
481798,No,3,2B,9,7.196
481798,No,3,2B,9,14.702
481798,No,3,2B,9,20.319
481798,No,3,2B,9,37.122
481798,No,3,2B,9,46.569
481798,No,3,2B,9,53.251
481798,No,3,8B,6,9.98
481798,No,3,8B,6,17.013
481798,No,3,8B,6,44.529
481798,No,3,8B,6,48.642
481798,No,3,8B,6,59.397
481798,No,3,8B,7,10.342
481798,No,3,8B,7,16.903
481798,No,3,8B,7,32.377
481798,No,3,8B,7,40.789
481798,No,3,8B,7,49.348
481798,No,3,8B,7,61.398
481798,No,3,Intact,2,12.387
481798,No,3,Intact,2,30.614
481798,No,3,Intact,2,57.642
481798,No,3,Intact,3,17.332
481798,No,3,Intact,3,26.044
481798,No,3,Intact,3,60.588
481798,No,3,2B,12,4.688
481798,No,3,2B,12,12.954
481798,No,3,2B,12,16.906
481798,No,3,2B,12,24.149
481798,No,3,2B,12,38.956
481798,No,3,2B,12,51.527
481798,No,3,2B,12,61.048
481798,No,3,1B,15,13.605
481798,No,3,1B,15,27.504
481798,No,3,1B,15,41.872
481798,No,3,1B,15,53.154
481798,No,3,1B,13,4.836
481798,No,3,1B,13,15.437
481798,No,3,1B,13,26.456
481798,No,3,1B,13,37.655
481798,No,3,1B,13,44.467
481798,No,3,1B,13,51.074
481798,No,3,1B,13,53.291
481798,No,3,1B,13,59.933
481849,Yes,4,8B,8,16.762
481849,Yes,4,8B,8,33.857
481849,Yes,4,8B,8,50.571
481849,Yes,4,8B,8,61.497
481849,Yes,4,2B,12,4.747
481849,Yes,4,2B,12,9.798
481849,Yes,4,2B,12,12.665
481849,Yes,4,2B,12,13.648
481849,Yes,4,2B,12,17.007
481849,Yes,4,2B,12,25.731
481849,Yes,4,2B,12,29.12
481849,Yes,4,2B,12,32.902
481849,Yes,4,2B,12,46.615
481849,Yes,4,2B,12,49.303
481849,Yes,4,2B,12,53.992
481849,Yes,4,Intact,4,32.742
481849,Yes,4,8B,5,17.032
481849,Yes,4,8B,5,25.665
481849,Yes,4,8B,5,28.874
481849,Yes,4,8B,5,53.183
481849,Yes,4,8B,5,54.238
481849,Yes,4,2B,9,5.517
481849,Yes,4,2B,9,18.569
481849,Yes,4,2B,9,37.444
481849,Yes,4,2B,9,38.387
481849,Yes,4,2B,9,42.718
481849,Yes,4,2B,9,54.018
481849,Yes,4,2B,9,58.249
481849,Yes,4,2B,9,62.978
481849,Yes,4,Intact,3,15.249
481849,Yes,4,Intact,3,17.83
481849,Yes,4,Intact,3,29.503
481849,Yes,4,Intact,3,41.351
481849,Yes,4,Intact,3,59.482
481849,Yes,4,1B,15,2.955
481849,Yes,4,1B,15,3.133
481849,Yes,4,1B,15,19.203
481849,Yes,4,1B,15,30.316
481849,Yes,4,1B,15,41.29
481849,Yes,4,1B,15,49.473
481849,Yes,4,1B,15,54.56
481849,Yes,4,1B,15,64.855
481849,Yes,4,1B,14,6.288
481849,Yes,4,1B,14,12.914
481849,Yes,4,1B,14,25.816
481849,Yes,4,1B,14,33.987
481849,Yes,4,1B,14,40.367
481849,Yes,4,1B,14,46.029
481849,Yes,4,1B,14,51.176
481849,Yes,4,1B,14,57.345
481854,Yes,3,Intact,2,19.437
481854,Yes,3,Intact,2,29.165
481854,Yes,3,Intact,2,36.037
481854,Yes,3,Intact,2,64.036
481854,Yes,3,2B,11,9.649
481854,Yes,3,2B,11,22.549
481854,Yes,3,2B,11,34.345
481854,Yes,3,2B,11,59.722
481854,Yes,3,8B,5,29.656
481854,Yes,3,8B,5,33.119
481854,Yes,3,8B,5,57.811
481854,Yes,3,8B,5,62.445
481854,Yes,3,Intact,4,16.706
481854,Yes,3,Intact,4,35.344
481854,Yes,3,Intact,4,50.914
481854,Yes,3,2B,10,4.766
481854,Yes,3,2B,10,8.66
481854,Yes,3,2B,10,12.88
481854,Yes,3,2B,10,17.391
481854,Yes,3,2B,10,22.409
481854,Yes,3,2B,10,25.76
481854,Yes,3,2B,10,29.846
481854,Yes,3,2B,10,35.25
481854,Yes,3,2B,10,44.836
481854,Yes,3,2B,10,57.898
481854,Yes,3,2B,10,61.195
481854,Yes,3,1B,16,7.229
481854,Yes,3,1B,16,13.06
481854,Yes,3,1B,16,15.081
481854,Yes,3,1B,16,22.518
481854,Yes,3,1B,16,28.986
481854,Yes,3,1B,16,33.636
481854,Yes,3,1B,16,43.798
481854,Yes,3,1B,16,54.94
481854,Yes,3,1B,14,11.414
481854,Yes,3,1B,14,14.771
481854,Yes,3,1B,14,30.432
481854,Yes,3,1B,14,44.615
481854,Yes,3,1B,14,53.428
481854,Yes,3,1B,14,65.064
481854,Yes,3,8B,8,16.671
481854,Yes,3,8B,8,30.565
481854,Yes,3,8B,8,47.095
481883,No,3,1B,14,5.457
481883,No,3,1B,14,15.435
481883,No,3,1B,14,26.709
481883,No,3,1B,14,46.107
481883,No,3,1B,14,52.868
481883,No,3,1B,14,64.754
481883,No,3,Intact,4,15.6
481883,No,3,Intact,4,17.047
481883,No,3,Intact,4,25.503
481883,No,3,Intact,4,34.444
481883,No,3,Intact,4,58.746
481883,No,3,8B,7,3.713
481883,No,3,8B,7,10.844
481883,No,3,8B,7,16.574
481883,No,3,8B,7,24.045
481883,No,3,8B,7,32.826
481883,No,3,8B,7,41.227
481883,No,3,8B,7,48.91
481883,No,3,8B,7,58.684
481883,No,3,8B,7,63.912
481883,No,3,8B,8,16.498
481883,No,3,8B,8,27.1
481883,No,3,8B,8,32.067
481883,No,3,8B,8,47.226
481883,No,3,2B,11,4.503
481883,No,3,2B,11,14.536
481883,No,3,2B,11,24.563
481883,No,3,2B,11,32.785
481883,No,3,2B,11,38.639
481883,No,3,2B,11,48.573
481883,No,3,2B,11,57.806
481883,No,3,Intact,2,3.528
481883,No,3,Intact,2,3.872
481883,No,3,Intact,2,15.185
481883,No,3,Intact,2,30.45
481883,No,3,Intact,2,46.26
481883,No,3,Intact,2,47.937
481883,No,3,Intact,2,54.802
481883,No,3,Intact,2,60.85
481883,No,3,1B,16,8.826
481883,No,3,1B,16,18.43
481883,No,3,1B,16,31.22
481883,No,3,1B,16,38.868
481883,No,3,1B,16,47.686
481883,No,3,2B,9,9.579
481883,No,3,2B,9,20.549
481883,No,3,2B,9,37.593
481883,No,3,2B,9,46.591
481883,No,3,2B,9,56.27
484185,No,4,8B,7,19.579
484185,No,4,Intact,1,18.841
484185,No,4,1B,16,35.886
484185,No,4,1B,16,43.836
484185,No,4,2B,9,54.671
484185,No,4,Intact,2,22.218
484185,No,4,1B,13,19.467
484185,No,4,1B,13,57.488
484185,No,4,2B,12,5.035
484185,No,4,2B,12,46.899
610499,No,4,Intact,1,15.263
610499,No,4,Intact,1,48.729
610499,No,4,8B,7,42.829
610499,No,4,Intact,2,31.076
610499,No,4,Intact,2,32.74
610499,No,4,Intact,2,36.682
610499,No,4,Intact,2,42.506
610499,No,4,Intact,2,59.452
610499,No,4,Intact,2,62.212
610499,No,4,1B,13,35.965
610499,No,4,1B,13,39.814
610499,No,4,1B,13,43.511
610499,No,4,1B,13,57.782
610499,No,4,1B,13,59.449
610499,No,4,1B,16,30.776
610522,No,4,1B,13,13.564
610522,No,4,1B,13,27.75
610522,No,4,1B,13,43.108
610522,No,4,1B,13,55.134
610522,No,4,1B,13,61.806
610522,No,4,8B,7,20.093
610522,No,4,8B,7,34.022
610522,No,4,8B,7,50.199
610522,No,4,8B,8,18.978
610522,No,4,8B,8,35.01
610522,No,4,8B,8,61.831
610522,No,4,1B,16,25.05
610522,No,4,1B,16,37.099
610522,No,4,1B,16,60.039
610522,No,4,Intact,1,39.458
610522,No,4,2B,11,20.773
610522,No,4,2B,11,51.758
610501,No,4,1B,14,12.482
610501,No,4,1B,14,20.237
610501,No,4,1B,14,33.235
610501,No,4,1B,14,48.018
610501,No,4,1B,14,57.372
610501,No,4,2B,11,17.171
610501,No,4,2B,11,25.289
610501,No,4,2B,11,34.115
610501,No,4,2B,11,45.871
610501,No,4,2B,11,57.964
610501,No,4,1B,13,13.954
610501,No,4,1B,13,25.901
610501,No,4,1B,13,33.283
610501,No,4,1B,13,40.441
610501,No,4,1B,13,50.561
610501,No,4,1B,13,61.473
610501,No,4,2B,12,17.276
610501,No,4,2B,12,29.386
610501,No,4,2B,12,47.745
610501,No,4,2B,12,54.508
610501,No,4,Intact,2,8.149
610501,No,4,Intact,2,29.576
610501,No,4,8B,7,3.552
610501,No,4,8B,7,16.987
610501,No,4,8B,7,36.336
610501,No,4,8B,7,52.318
610501,No,4,8B,6,33.035
610501,No,4,8B,6,49.394
610501,No,4,8B,6,64.312
610503,No,3,8B,6,4.167
610503,No,3,8B,6,15.534
610503,No,3,8B,6,45.374
610503,No,3,8B,6,49.147
610503,No,3,8B,6,58.359
610503,No,3,1B,15,7.086
610503,No,3,1B,15,13.5
610503,No,3,1B,15,22.66
610503,No,3,1B,15,30.124
610503,No,3,1B,15,39.76
610503,No,3,1B,15,45.768
610503,No,3,1B,15,58.189
610503,No,3,1B,16,7.898
610503,No,3,1B,16,12.896
610503,No,3,1B,16,20.839
610503,No,3,1B,16,31.499
610503,No,3,1B,16,36.377
610503,No,3,1B,16,43.82
610503,No,3,1B,16,53.501
610503,No,3,1B,16,57.804
610503,No,3,Intact,1,10.448
610503,No,3,Intact,1,30.67
610503,No,3,Intact,1,35.858
610503,No,3,Intact,1,49.781
610503,No,3,Intact,1,58.631
610503,No,3,Intact,4,16.828
610503,No,3,Intact,4,25.612
610503,No,3,Intact,4,33.278
610503,No,3,Intact,4,60.854
610503,No,3,2B,9,9.242
610503,No,3,2B,9,13.575
610503,No,3,2B,9,21.967
610503,No,3,2B,9,34.592
610503,No,3,2B,9,37.387
610503,No,3,2B,9,45.932
610503,No,3,2B,9,53.895
610503,No,3,2B,11,5.777
610503,No,3,2B,11,15.166
610503,No,3,2B,11,17.806
610503,No,3,2B,11,25.585
610503,No,3,2B,11,33.91
610503,No,3,2B,11,49.05
610503,No,3,2B,11,58.935
610503,No,3,2B,11,61.862
610503,No,3,8B,7,6.842
610503,No,3,8B,7,17.583
610503,No,3,8B,7,33.778
610503,No,3,8B,7,42.168
610503,No,3,8B,7,49.346
610503,No,3,8B,7,58.646
611455,No,3,1B,14,16.376
611455,No,3,1B,14,38.217
611455,No,3,1B,14,51.221
611455,No,3,8B,7,16.621
611455,No,3,8B,7,32.673
611455,No,3,8B,7,48.938
611455,No,3,1B,16,10.336
611455,No,3,1B,16,23.739
611455,No,3,1B,16,32.537
611455,No,3,1B,16,44.807
611455,No,3,1B,16,53.578
611455,No,3,8B,6,16.818
611455,No,3,8B,6,49.443
611455,No,3,8B,6,58.806
611455,No,3,2B,11,6.115
611455,No,3,2B,11,17.713
611455,No,3,2B,11,33.081
611455,No,3,2B,11,39.01
611455,No,3,2B,11,49.979
611455,No,3,2B,11,63.528
611455,No,3,2B,12,13.802
611455,No,3,2B,12,21.051
611455,No,3,2B,12,30.512
611455,No,3,2B,12,52.989
611455,No,3,2B,12,63.226
611455,No,3,Intact,1,32.335
611455,No,3,Intact,1,58.304
611455,No,3,Intact,2,32.814
610756,Yes,3,2B,9,9.676
610756,Yes,3,2B,9,20.385
610756,Yes,3,2B,9,37.011
610756,Yes,3,2B,9,46.473
610756,Yes,3,Intact,4,16.78
610756,Yes,3,Intact,4,33.536
610756,Yes,3,Intact,4,51.755
610756,Yes,3,Intact,4,61.085
610756,Yes,3,1B,15,13.762
610756,Yes,3,1B,15,22.916
610756,Yes,3,1B,15,31.522
610756,Yes,3,1B,15,38.176
610756,Yes,3,1B,15,44.698
610756,Yes,3,1B,15,51.914
610756,Yes,3,1B,15,61.727
610756,Yes,3,2B,11,5.859
610756,Yes,3,2B,11,13.095
610756,Yes,3,2B,11,17.834
610756,Yes,3,2B,11,22.27
610756,Yes,3,2B,11,25.974
610756,Yes,3,2B,11,37.723
610756,Yes,3,2B,11,53.561
610756,Yes,3,2B,11,59.365
610756,Yes,3,2B,11,62.445
610756,Yes,3,8B,5,16.775
610756,Yes,3,8B,5,31.505
610756,Yes,3,8B,5,48.547
610756,Yes,3,Intact,3,26.536
610756,Yes,3,1B,14,5.483
610756,Yes,3,1B,14,7.824
610756,Yes,3,1B,14,13.858
610756,Yes,3,1B,14,17.501
610756,Yes,3,1B,14,21.833
610756,Yes,3,1B,14,29.836
610756,Yes,3,1B,14,38.349
610756,Yes,3,1B,14,47.501
610756,Yes,3,1B,14,53.863
610756,Yes,3,8B,8,16.548
610756,Yes,3,8B,8,32.553
610756,Yes,3,8B,8,48.467
377777,No,1,2B,1,16.924
377777,No,1,2B,1,27.737
377777,No,1,2B,1,37.522
377777,No,1,2B,1,45.708
377777,No,1,2B,1,61.284
377777,No,1,8B,1,20.539
377777,No,1,8B,1,30.398
377777,No,1,8B,1,36.435
377777,No,1,1B,3,5.992000000000001
377777,No,1,1B,3,27.491
377777,No,1,1B,3,35.475
377777,No,1,1B,3,38.684
377777,No,1,1B,3,41.996
377777,No,1,1B,3,45.483
377777,No,1,1B,3,47.31
377777,No,1,1B,3,49.665
377777,No,1,1B,3,53.602000000000004
377777,No,1,1B,3,56.048
377777,No,1,1B,3,57.129999999999995
377777,No,1,1B,3,63.435
377777,No,1,1B,3,64.744
377777,No,1,1B,1,4.166
377777,No,1,1B,1,5.079
377777,No,1,1B,1,6.104
377777,No,1,1B,1,9.658
377777,No,1,1B,1,15.604
377777,No,1,1B,1,18.365
377777,No,1,1B,1,19.821
377777,No,1,1B,1,26.849
377777,No,1,1B,1,35.548
377777,No,1,1B,1,42.909
377777,No,1,1B,1,44.672
377777,No,1,1B,1,47.05
377777,No,1,1B,1,50.111
377777,No,1,1B,1,53.878
377777,No,1,1B,1,57.438
377777,No,1,1B,1,64.856
377777,No,1,2B,3,3.649000000000001
377777,No,1,2B,3,9.207
377777,No,1,2B,3,12.585999999999999
377777,No,1,2B,3,14.8
377777,No,1,2B,3,19.021
377777,No,1,2B,3,22.036
377777,No,1,2B,3,24.457
377777,No,1,2B,3,27.32
377777,No,1,2B,3,30.131999999999998
377777,No,1,2B,3,36.351
377777,No,1,2B,3,39.476
377777,No,1,2B,3,40.895
377777,No,1,2B,3,44.118
377777,No,1,2B,3,49.147
377777,No,1,2B,3,53.28
377777,No,1,2B,3,59.604
377777,No,1,Intact,1,61.475
377777,No,1,8B,3,51.234
377770,No,1,Intact,1,35.119
377770,No,1,1B,3,0.8339999999999996
377770,No,1,1B,3,6.510000000000002
377770,No,1,1B,3,14.529
377770,No,1,1B,3,20.722
377770,No,1,1B,3,24.935000000000002
377770,No,1,1B,3,31.084000000000003
377770,No,1,1B,3,34.945
377770,No,1,1B,3,39.422
377770,No,1,1B,3,47.276
377770,No,1,1B,3,55.096999999999994
377770,No,1,1B,3,65.316
377770,No,1,2B,3,6.361999999999998
377770,No,1,2B,3,12.059999999999999
377770,No,1,2B,3,19.089
377770,No,1,2B,3,23.533
377770,No,1,2B,3,27.394
377770,No,1,2B,3,31.42
377770,No,1,2B,3,38.9
377770,No,1,2B,3,42.85
377770,No,1,2B,3,49.153
377770,No,1,2B,3,61.099000000000004
377770,No,1,8B,3,2.8520000000000003
377770,No,1,8B,3,22.707
377770,No,1,8B,3,38.668
377770,No,1,8B,3,51.351
377770,No,1,2B,1,5.432
377770,No,1,2B,1,13.242
377770,No,1,2B,1,17.422
377770,No,1,2B,1,21.481
377770,No,1,2B,1,25.419
377770,No,1,2B,1,29.203
377770,No,1,2B,1,35.792
377770,No,1,2B,1,49.982
377770,No,1,2B,1,56.714
377770,No,1,2B,1,65.218
377770,No,1,Intact,3,2.1310000000000002
377770,No,1,Intact,3,35.452
377770,No,1,1B,1,7.581
377770,No,1,1B,1,15.6
377770,No,1,1B,1,33.409
377770,No,1,1B,1,44.012
377770,No,1,1B,1,60.084
377770,No,1,8B,1,18.913
377770,No,1,8B,1,35.348
377770,No,1,8B,1,53.971
377747,No,1,1B,3,3.8949999999999996
377747,No,1,1B,3,12.195
377747,No,1,1B,3,17.275
377747,No,1,1B,3,25.375999999999998
377747,No,1,1B,3,32.626
377747,No,1,1B,3,38.23
377747,No,1,1B,3,46.172
377747,No,1,1B,3,57.438
377747,No,1,1B,3,67.268
377747,No,1,2B,3,5.640000000000001
377747,No,1,2B,3,11.309000000000001
377747,No,1,2B,3,19.656999999999996
377747,No,1,2B,3,26.128999999999998
377747,No,1,2B,3,31.954
377747,No,1,2B,3,39.165
377747,No,1,2B,3,42.801
377747,No,1,2B,3,51.224999999999994
377747,No,1,2B,3,57.652
377747,No,1,2B,3,65.762
377747,No,1,Intact,1,3.569
377747,No,1,Intact,1,7.912
377747,No,1,Intact,1,13.597
377747,No,1,Intact,1,16.622
377747,No,1,Intact,1,29.427
377747,No,1,Intact,1,44.493
377747,No,1,Intact,1,60.634
377747,No,1,8B,3,1.9369999999999994
377747,No,1,8B,3,19.957
377747,No,1,8B,3,33.155
377747,No,1,8B,3,36.012
377747,No,1,8B,3,38.471
377747,No,1,2B,1,16.82
377747,No,1,2B,1,23.214
377747,No,1,2B,1,29.741
377747,No,1,2B,1,49.242
377747,No,1,2B,1,55.072
377747,No,1,Intact,3,17.880000000000003
377747,No,1,Intact,3,36.567
377747,No,1,Intact,3,53.367000000000004
377747,No,1,1B,1,0.273
377747,No,1,1B,1,0.455
377747,No,1,1B,1,5.208
377747,No,1,1B,1,14.743
377747,No,1,1B,1,19.287
377747,No,1,1B,1,26.533
377747,No,1,1B,1,38.336
377747,No,1,1B,1,46.921
377747,No,1,1B,1,54.805
377747,No,1,1B,1,61.64
377747,No,1,8B,1,13.399
377747,No,1,8B,1,17.025
377747,No,1,8B,1,35.077
377747,No,1,8B,1,45.65
377747,No,1,8B,1,50.692
377747,No,1,8B,1,61.919
377747,No,1,8B,1,65.772
377708,No,1,2B,3,27.095999999999997
377708,No,1,2B,3,42.868
377708,No,1,8B,1,20.222
377708,No,1,8B,1,50.671
377708,No,1,1B,3,0.12199999999999989
377708,No,1,1B,3,32.925
377708,No,1,1B,3,52.726
377708,No,1,1B,1,9.572
377708,No,1,1B,1,20.173
377708,No,1,1B,1,36.492
377708,No,1,8B,3,10.835999999999999
377708,No,1,8B,3,38.85
377708,No,1,8B,3,54.208
377708,No,1,Intact,1,35.602
377708,No,1,Intact,1,64.244
377708,No,1,2B,1,5.191
377708,No,1,2B,1,25.594
377708,No,1,2B,1,43.872
377708,No,1,Intact,3,3.559000000000001
377708,No,1,Intact,3,21.262999999999998
377708,No,1,Intact,3,35.196
377701,No,1,2B,3,0.2110000000000003
377701,No,1,2B,3,4.4780000000000015
377701,No,1,2B,3,6.5
377701,No,1,2B,3,15.021
377701,No,1,2B,3,20.046
377701,No,1,2B,3,26.43
377701,No,1,2B,3,30.713
377701,No,1,2B,3,33.703
377701,No,1,2B,3,36.865
377701,No,1,2B,3,39.269
377701,No,1,2B,3,47.49
377701,No,1,2B,3,55.087
377701,No,1,2B,3,55.446
377701,No,1,2B,3,60.31
377701,No,1,2B,3,62.519999999999996
377701,No,1,2B,3,67.308
377701,No,1,1B,3,2.0130000000000017
377701,No,1,1B,3,5.405999999999999
377701,No,1,1B,3,11.978000000000002
377701,No,1,1B,3,17.196
377701,No,1,1B,3,21.063000000000002
377701,No,1,1B,3,24.122999999999998
377701,No,1,1B,3,25.967
377701,No,1,1B,3,30.744999999999997
377701,No,1,1B,3,35.264
377701,No,1,1B,3,47.047
377701,No,1,1B,3,56.976
377701,No,1,1B,3,65.436
377701,No,1,8B,1,1.508
377701,No,1,8B,1,2.353
377701,No,1,8B,1,5.759
377701,No,1,8B,1,10.714
377701,No,1,8B,1,12.6
377701,No,1,8B,1,24.01
377701,No,1,8B,1,33.17
377701,No,1,8B,1,36.495
377701,No,1,8B,1,44.662
377701,No,1,8B,1,53.672
377701,No,1,8B,1,60.038
377701,No,1,Intact,1,1.791
377701,No,1,Intact,1,6.803
377701,No,1,Intact,1,12.68
377701,No,1,Intact,1,23.978
377701,No,1,Intact,1,34.57
377701,No,1,Intact,1,38.71
377701,No,1,Intact,1,42.359
377701,No,1,Intact,1,44.822
377701,No,1,Intact,1,55.082
377701,No,1,Intact,1,57.568
377701,No,1,1B,1,1
377701,No,1,1B,1,4.811
377701,No,1,1B,1,12.478
377701,No,1,1B,1,15.197
377701,No,1,1B,1,20.182
377701,No,1,1B,1,32.752
377701,No,1,1B,1,40.212
377701,No,1,1B,1,45.872
377701,No,1,1B,1,54.389
377701,No,1,1B,1,59.318
377701,No,1,8B,3,2.266
377701,No,1,8B,3,8.239999999999998
377701,No,1,8B,3,13.684999999999999
377701,No,1,8B,3,21.106
377701,No,1,8B,3,28.055
377701,No,1,8B,3,35.557
377701,No,1,8B,3,41.223
377701,No,1,8B,3,48.164
377701,No,1,8B,3,51.457
377701,No,1,8B,3,55.233000000000004
377701,No,1,8B,3,58.510000000000005
377701,No,1,8B,3,62.147000000000006
377701,No,1,Intact,3,1.1090000000000018
377701,No,1,Intact,3,9.815999999999999
377701,No,1,Intact,3,14.843
377701,No,1,Intact,3,22.302
377701,No,1,Intact,3,25.375
377701,No,1,Intact,3,25.796999999999997
377701,No,1,Intact,3,36.314
377701,No,1,Intact,3,44.607
377701,No,1,Intact,3,51.772000000000006
377701,No,1,Intact,3,57.358999999999995
377701,No,1,Intact,3,62.458
377701,No,1,2B,1,18.351
377701,No,1,2B,1,35.024
377701,No,1,2B,1,46.052
377701,No,1,2B,1,56.979
377692,No,1,2B,3,5.574999999999999
377692,No,1,2B,3,12.277000000000001
377692,No,1,2B,3,48.452
377692,No,1,2B,3,67.622
377692,No,1,Intact,1,33.613
377692,No,1,Intact,1,65.717
377692,No,1,1B,3,20.296999999999997
377692,No,1,8B,3,5.8309999999999995
377692,No,1,8B,3,23.990000000000002
377692,No,1,8B,3,39.176
377692,No,1,Intact,3,0.3990000000000009
377692,No,1,Intact,3,21.433
377692,No,1,Intact,3,34.785
377692,No,1,Intact,3,54.07599999999999
377692,No,1,2B,1,2.154
377692,No,1,2B,1,14.929
377692,No,1,2B,1,30.199
377692,No,1,2B,1,41.062
377692,No,1,2B,1,56.735
377692,No,1,1B,1,4.996
377692,No,1,1B,1,16.152
377692,No,1,1B,1,42.876
377692,No,1,8B,1,18.266
377692,No,1,8B,1,35.665
377692,No,1,8B,1,43.584
377692,No,1,8B,1,54.044
377665,No,1,8B,1,19.258
377665,No,1,8B,1,35.52
377665,No,1,8B,1,46.157
377665,No,1,1B,3,2.5549999999999997
377665,No,1,1B,3,8.594999999999999
377665,No,1,1B,3,16.609
377665,No,1,1B,3,20.578000000000003
377665,No,1,1B,3,30.648000000000003
377665,No,1,1B,3,33.184
377665,No,1,1B,3,35.08
377665,No,1,1B,3,42.761
377665,No,1,1B,3,48.647
377665,No,1,1B,3,55.852999999999994
377665,No,1,1B,3,65.035
377665,No,1,2B,3,4.715
377665,No,1,2B,3,10.866
377665,No,1,2B,3,21.912
377665,No,1,2B,3,31.088
377665,No,1,2B,3,39.553
377665,No,1,2B,3,42.601
377665,No,1,2B,3,49.141
377665,No,1,2B,3,52.086
377665,No,1,2B,3,62.955
377665,No,1,2B,3,67.18
377665,No,1,1B,1,4.611
377665,No,1,1B,1,12.034
377665,No,1,1B,1,15.098
377665,No,1,1B,1,21.543
377665,No,1,1B,1,29.38
377665,No,1,1B,1,33.052
377665,No,1,1B,1,38.644
377665,No,1,1B,1,42.596
377665,No,1,1B,1,45.412
377665,No,1,1B,1,48.731
377665,No,1,1B,1,54.869
377665,No,1,1B,1,59.942
377665,No,1,8B,3,3.2279999999999998
377665,No,1,8B,3,22.714
377665,No,1,8B,3,39.004
377665,No,1,8B,3,51.421
377665,No,1,Intact,1,16.074
377665,No,1,Intact,1,31.657
377665,No,1,Intact,1,34.873
377665,No,1,2B,1,9.038
377665,No,1,2B,1,14.085
377665,No,1,2B,1,44.867
377665,No,1,2B,1,52.969
377665,No,1,2B,1,60.907
377665,No,1,Intact,3,2.1679999999999993
377665,No,1,Intact,3,34.643
377664,No,1,Intact,3,2.652000000000001
377664,No,1,Intact,3,34.966
377664,No,1,8B,3,8.481000000000002
377664,No,1,8B,3,24.436
377664,No,1,8B,3,57.68000000000001
377664,No,1,Intact,1,35.096
377664,No,1,1B,3,33.227
377664,No,1,1B,3,55.06
377664,No,1,2B,1,42.949
377664,No,1,2B,1,56.915
377664,No,1,8B,1,48.356
377664,No,1,2B,3,7.678000000000001
377664,No,1,1B,1,6.513
377664,No,1,1B,1,16.486
377663,No,1,8B,3,4.7330000000000005
377663,No,1,8B,3,8.21
377663,No,1,8B,3,18.159
377663,No,1,8B,3,20.501
377663,No,1,8B,3,34.655
377663,No,1,8B,3,36.448
377663,No,1,8B,3,56.175
377663,No,1,8B,3,64.58
377663,No,1,Intact,3,0.08899999999999864
377663,No,1,Intact,3,4.181999999999999
377663,No,1,Intact,3,14.579
377663,No,1,Intact,3,16.454
377663,No,1,Intact,3,30.421
377663,No,1,Intact,3,32.419
377663,No,1,Intact,3,40.224
377663,No,1,Intact,3,44.775
377663,No,1,Intact,3,46.463
377663,No,1,Intact,3,48.437
377663,No,1,Intact,3,50.620999999999995
377663,No,1,Intact,3,62.352000000000004
377663,No,1,Intact,3,64.162
377663,No,1,1B,3,0.8309999999999995
377663,No,1,1B,3,4.1960000000000015
377663,No,1,1B,3,8.043
377663,No,1,1B,3,14.128
377663,No,1,1B,3,18.375
377663,No,1,1B,3,30.520000000000003
377663,No,1,1B,3,38.532
377663,No,1,1B,3,40.177
377663,No,1,1B,3,46.145
377663,No,1,1B,3,51.742999999999995
377663,No,1,1B,3,56.498999999999995
377663,No,1,1B,3,61.82599999999999
377663,No,1,1B,3,65.69
377663,No,1,Intact,1,4.113
377663,No,1,Intact,1,9.098
377663,No,1,Intact,1,15.117
377663,No,1,Intact,1,16.148
377663,No,1,Intact,1,20.046
377663,No,1,Intact,1,25.324
377663,No,1,Intact,1,30.122
377663,No,1,Intact,1,32.167
377663,No,1,Intact,1,36.518
377663,No,1,Intact,1,40.428
377663,No,1,Intact,1,42.206
377663,No,1,Intact,1,44.641
377663,No,1,Intact,1,46.498
377663,No,1,Intact,1,48.407
377663,No,1,Intact,1,50.453
377663,No,1,Intact,1,56.22
377663,No,1,Intact,1,60.722
377663,No,1,Intact,1,62.783
377663,No,1,Intact,1,63.58
377663,No,1,Intact,1,64.664
377663,No,1,2B,1,4.96
377663,No,1,2B,1,8.189
377663,No,1,2B,1,12.86
377663,No,1,2B,1,16.376
377663,No,1,2B,1,22.123
377663,No,1,2B,1,28.474
377663,No,1,2B,1,33.516
377663,No,1,2B,1,36.835
377663,No,1,2B,1,38.756
377663,No,1,2B,1,43.405
377663,No,1,2B,1,47.503
377663,No,1,2B,1,53.551
377663,No,1,2B,1,54.434
377663,No,1,2B,1,59.163
377663,No,1,8B,1,4.313
377663,No,1,8B,1,8.399
377663,No,1,8B,1,15.081
377663,No,1,8B,1,16.627
377663,No,1,8B,1,20.407
377663,No,1,8B,1,24.421
377663,No,1,8B,1,28.464
377663,No,1,8B,1,33.015
377663,No,1,8B,1,34.718
377663,No,1,8B,1,44.087
377663,No,1,8B,1,45.716
377663,No,1,8B,1,50.149
377663,No,1,8B,1,51.993
377663,No,1,8B,1,54.398
377663,No,1,8B,1,56.214
377663,No,1,8B,1,61.25
377663,No,1,8B,1,64.236
377663,No,1,1B,1,4.681
377663,No,1,1B,1,8.317
377663,No,1,1B,1,14.116
377663,No,1,1B,1,18.403
377663,No,1,1B,1,22.74
377663,No,1,1B,1,27.038
377663,No,1,1B,1,28.69
377663,No,1,1B,1,32.375
377663,No,1,1B,1,35.028
377663,No,1,1B,1,37.257
377663,No,1,1B,1,40.25
377663,No,1,1B,1,46.458
377663,No,1,1B,1,51.602
377663,No,1,1B,1,54.511
377663,No,1,1B,1,56.059
377663,No,1,1B,1,60.016
377663,No,1,2B,3,3.3049999999999997
377663,No,1,2B,3,9.768
377663,No,1,2B,3,13.079999999999998
377663,No,1,2B,3,16.984
377663,No,1,2B,3,20.819000000000003
377663,No,1,2B,3,24.012999999999998
377663,No,1,2B,3,26.683
377663,No,1,2B,3,34.613
377663,No,1,2B,3,37.639
377663,No,1,2B,3,39.539
377663,No,1,2B,3,42.954
377663,No,1,2B,3,45.905
377663,No,1,2B,3,48.985
377663,No,1,2B,3,52.509
377663,No,1,2B,3,56.547
377663,No,1,2B,3,58.989999999999995
377663,No,1,2B,3,62.438
377647,Yes,1,1B,3,5.893999999999998
377647,Yes,1,1B,3,18.378
377647,Yes,1,1B,3,35.44
377647,Yes,1,1B,3,60.587999999999994
377647,Yes,1,Intact,1,34.795
377647,Yes,1,2B,3,8.404
377647,Yes,1,2B,3,12.666
377647,Yes,1,2B,3,45.32
377647,Yes,1,2B,3,53.538
377647,Yes,1,8B,3,7.056999999999999
377647,Yes,1,8B,3,8.718
377647,Yes,1,8B,3,22.829
377647,Yes,1,8B,3,39.465
377647,Yes,1,8B,3,53.377
377647,Yes,1,8B,3,63.54600000000001
377647,Yes,1,Intact,3,7.338000000000001
377647,Yes,1,Intact,3,35.89
377647,Yes,1,2B,1,7.095
377647,Yes,1,2B,1,9.695
377647,Yes,1,2B,1,13.99
377647,Yes,1,2B,1,16.614
377647,Yes,1,2B,1,29.861
377647,Yes,1,2B,1,34.457
377647,Yes,1,2B,1,56.697
377647,Yes,1,1B,1,14.06
377647,Yes,1,1B,1,34.488
377647,Yes,1,1B,1,39.219
377647,Yes,1,1B,1,44.385
377647,Yes,1,8B,1,22.027
377647,Yes,1,8B,1,45.169
393320,Yes,1,Intact,3,3.2330000000000005
393320,Yes,1,Intact,3,13.300999999999998
393320,Yes,1,Intact,3,19.314
393320,Yes,1,Intact,3,30.817999999999998
393320,Yes,1,Intact,3,35.113
393320,Yes,1,Intact,3,43.226
393320,Yes,1,Intact,3,51.239000000000004
393320,Yes,1,Intact,3,62.812
393320,Yes,1,2B,1,7.128
393320,Yes,1,2B,1,14.074
393320,Yes,1,2B,1,22.227
393320,Yes,1,2B,1,28.852
393320,Yes,1,2B,1,35.776
393320,Yes,1,2B,1,42.728
393320,Yes,1,2B,1,52.489
393320,Yes,1,2B,1,60.191
393320,Yes,1,8B,1,9.367
393320,Yes,1,8B,1,19.132
393320,Yes,1,8B,1,27.623
393320,Yes,1,8B,1,35.256
393320,Yes,1,8B,1,45.882
393320,Yes,1,8B,1,59.325
393320,Yes,1,1B,3,1.3079999999999998
393320,Yes,1,1B,3,8.143
393320,Yes,1,1B,3,12.163
393320,Yes,1,1B,3,21.592
393320,Yes,1,1B,3,30.235999999999997
393320,Yes,1,1B,3,33.322
393320,Yes,1,1B,3,40.633
393320,Yes,1,1B,3,47.68
393320,Yes,1,1B,3,59.256
393320,Yes,1,1B,1,6.356
393320,Yes,1,1B,1,24.242
393320,Yes,1,1B,1,35.115
393320,Yes,1,1B,1,43.766
393320,Yes,1,1B,1,52.202
393320,Yes,1,1B,1,59.553
393320,Yes,1,2B,3,6.475000000000001
393320,Yes,1,2B,3,12.378
393320,Yes,1,2B,3,20.036
393320,Yes,1,2B,3,25.453000000000003
393320,Yes,1,2B,3,39.251
393320,Yes,1,2B,3,44.926
393320,Yes,1,2B,3,49.949
393320,Yes,1,Intact,1,14.063
393320,Yes,1,Intact,1,34.969
393320,Yes,1,Intact,1,43.265
393320,Yes,1,Intact,1,51.001
393320,Yes,1,8B,3,6.811
393320,Yes,1,8B,3,39.552
393320,Yes,1,8B,3,51.445
393267,Yes,1,1B,3,4.731999999999999
393267,Yes,1,1B,3,41.228
393267,Yes,1,1B,3,49.827
393267,Yes,1,1B,3,58.884
393267,Yes,1,8B,1,19.815
393267,Yes,1,8B,1,35.151
393267,Yes,1,8B,1,53.198
393267,Yes,1,2B,3,11.818999999999999
393267,Yes,1,2B,3,22.955
393267,Yes,1,2B,3,39.043
393267,Yes,1,2B,3,50.55500000000001
393267,Yes,1,Intact,1,35.51
393267,Yes,1,Intact,1,51.47
393267,Yes,1,8B,3,10.043
393267,Yes,1,8B,3,24.683
393267,Yes,1,8B,3,40.452
393267,Yes,1,1B,1,8.948
393267,Yes,1,1B,1,17.621
393267,Yes,1,1B,1,34.749
393267,Yes,1,1B,1,43.508
393267,Yes,1,1B,1,63.173
393267,Yes,1,Intact,3,2.689
393267,Yes,1,Intact,3,35.346
393267,Yes,1,2B,1,12.721
393267,Yes,1,2B,1,17.113
393267,Yes,1,2B,1,20.713
393267,Yes,1,2B,1,24.865
393267,Yes,1,2B,1,28.544
393267,Yes,1,2B,1,41.553
393267,Yes,1,2B,1,65.041
393254,Yes,1,1B,3,2.213000000000001
393254,Yes,1,1B,3,20.936999999999998
393254,Yes,1,1B,3,56.916
393254,Yes,1,Intact,1,34.376
393254,Yes,1,2B,3,5.748999999999999
393254,Yes,1,2B,3,12.050999999999998
393254,Yes,1,2B,3,21.805
393254,Yes,1,2B,3,43.79
393254,Yes,1,8B,3,6.425000000000001
393254,Yes,1,8B,3,22.043
393254,Yes,1,8B,3,37.965
393254,Yes,1,2B,1,14.424
393254,Yes,1,2B,1,58.308
393254,Yes,1,Intact,3,1.248000000000001
393254,Yes,1,Intact,3,32.084
393254,Yes,1,Intact,3,66.825
393254,Yes,1,8B,1,36.324
393254,Yes,1,1B,1,5.502
393254,Yes,1,1B,1,15.186
393254,Yes,1,1B,1,42.901
393254,Yes,1,1B,1,65.181
393253,No,1,Intact,1,36.123
393253,No,1,2B,3,5.693000000000001
393253,No,1,2B,3,11.597000000000001
393253,No,1,2B,3,67.5
393253,No,1,1B,1,15.159
393252,Yes,1,Intact,3,4.088999999999999
393252,Yes,1,Intact,3,37.658
393252,Yes,1,2B,1,5.606
393252,Yes,1,2B,1,15.962
393252,Yes,1,2B,1,22.789
393252,Yes,1,2B,1,45.455
393252,Yes,1,2B,1,65.946
393252,Yes,1,8B,1,54.684
393252,Yes,1,1B,3,10.107
393252,Yes,1,1B,3,34.615
393252,Yes,1,1B,3,57.256
393252,Yes,1,Intact,1,37.248
393252,Yes,1,2B,3,1.4429999999999996
393252,Yes,1,2B,3,42.303
393252,Yes,1,1B,1,7.765
393252,Yes,1,1B,1,48.664
393252,Yes,1,8B,3,52.971
393249,Yes,1,1B,3,8.366
393249,Yes,1,1B,3,14.625
393249,Yes,1,1B,3,28.154000000000003
393249,Yes,1,1B,3,43.078
393249,Yes,1,1B,3,59.30800000000001
393249,Yes,1,Intact,1,6.518
393249,Yes,1,Intact,1,15.661
393249,Yes,1,Intact,1,30.062
393249,Yes,1,Intact,1,44.003
393249,Yes,1,2B,3,11.545000000000002
393249,Yes,1,2B,3,25.136000000000003
393249,Yes,1,2B,3,39.655
393249,Yes,1,2B,3,45.766
393249,Yes,1,2B,3,50.711
393249,Yes,1,2B,3,59.173
393249,Yes,1,2B,3,67.53
393249,Yes,1,2B,1,4.32
393249,Yes,1,2B,1,17.91
393249,Yes,1,2B,1,30.73
393249,Yes,1,2B,1,47.198
393249,Yes,1,2B,1,55.721
393249,Yes,1,1B,1,7.514
393249,Yes,1,1B,1,15.611
393249,Yes,1,1B,1,51.811
393249,Yes,1,1B,1,62.186
393249,Yes,1,8B,1,19.104
393249,Yes,1,8B,1,54.014
393245,Yes,1,Intact,1,32.227
393245,Yes,1,Intact,1,65.338
393245,Yes,1,1B,3,4.4879999999999995
393245,Yes,1,1B,3,40.936
393245,Yes,1,1B,3,49.248
393245,Yes,1,2B,3,1.1280000000000001
393245,Yes,1,2B,3,29.083
393245,Yes,1,2B,3,38.777
393245,Yes,1,2B,3,50.004999999999995
393245,Yes,1,8B,3,8.79
393245,Yes,1,8B,3,23.061999999999998
393245,Yes,1,8B,3,38.816
393245,Yes,1,8B,3,52.211
393245,Yes,1,8B,3,65.636
393245,Yes,1,2B,1,26.07
393245,Yes,1,2B,1,38.768
393245,Yes,1,2B,1,57.239
393245,Yes,1,Intact,3,3.5869999999999997
393245,Yes,1,Intact,3,34.941
393245,Yes,1,Intact,3,62.783
393245,Yes,1,8B,1,19.601
393245,Yes,1,8B,1,57.66
393245,Yes,1,1B,1,21.727
393245,Yes,1,1B,1,26.629
393246,Yes,1,1B,3,2.946999999999999
393246,Yes,1,1B,3,5.914999999999999
393246,Yes,1,1B,3,21.417
393246,Yes,1,1B,3,40.903
393246,Yes,1,1B,3,43.073
393246,Yes,1,1B,3,43.965
393246,Yes,1,1B,3,66.138
393246,Yes,1,2B,3,6.222999999999999
393246,Yes,1,2B,3,16.2
393246,Yes,1,2B,3,24.631999999999998
393246,Yes,1,2B,3,46.693
393246,Yes,1,8B,1,20.118
393246,Yes,1,8B,1,35.498
393246,Yes,1,1B,1,26.31
393246,Yes,1,1B,1,34.903
393246,Yes,1,1B,1,51.313
393246,Yes,1,Intact,1,5.711
393246,Yes,1,Intact,1,35.083
393246,Yes,1,Intact,1,45.282
393246,Yes,1,8B,3,7.771000000000001
393246,Yes,1,8B,3,22.273000000000003
393246,Yes,1,8B,3,39.653
393246,Yes,1,8B,3,53.191
393246,Yes,1,2B,1,31.467
393246,Yes,1,2B,1,38.359
393246,Yes,1,2B,1,57.231
393246,Yes,1,Intact,3,2.1110000000000007
393246,Yes,1,Intact,3,36.128
393246,Yes,1,Intact,3,46.106
393246,Yes,1,Intact,3,51.414
393246,Yes,1,Intact,3,56.822
393242,Yes,1,2B,3,12.57
393242,Yes,1,2B,3,14.943000000000001
393242,Yes,1,2B,3,18.375
393242,Yes,1,2B,3,20.439
393242,Yes,1,2B,3,22.64
393242,Yes,1,2B,3,26.536
393242,Yes,1,2B,3,30.704
393242,Yes,1,2B,3,34.561
393242,Yes,1,2B,3,36.927
393242,Yes,1,2B,3,40.519
393242,Yes,1,2B,3,42.543
393242,Yes,1,2B,3,46.297
393242,Yes,1,2B,3,50.967
393242,Yes,1,2B,3,53.568
393242,Yes,1,2B,3,56.394999999999996
393242,Yes,1,2B,3,63.358999999999995
393242,Yes,1,2B,3,64.759
393242,Yes,1,1B,3,0.6430000000000007
393242,Yes,1,1B,3,3.0130000000000017
393242,Yes,1,1B,3,5.795000000000002
393242,Yes,1,1B,3,6.803000000000001
393242,Yes,1,1B,3,11.043
393242,Yes,1,1B,3,14.949000000000002
393242,Yes,1,1B,3,18.506999999999998
393242,Yes,1,1B,3,20.891
393242,Yes,1,1B,3,23.091
393242,Yes,1,1B,3,27.052999999999997
393242,Yes,1,1B,3,32.763
393242,Yes,1,1B,3,39.053
393242,Yes,1,1B,3,56.565
393242,Yes,1,1B,3,59.739000000000004
393242,Yes,1,1B,3,62.387
393242,Yes,1,1B,3,65.123
393242,Yes,1,8B,1,13.264
393242,Yes,1,8B,1,18.83
393242,Yes,1,8B,1,29.392
393242,Yes,1,8B,1,34.966
393242,Yes,1,8B,1,43.36
393242,Yes,1,8B,1,54.216
393242,Yes,1,8B,1,62.822
393242,Yes,1,1B,1,4.676
393242,Yes,1,1B,1,6.516
393242,Yes,1,1B,1,10.806
393242,Yes,1,1B,1,13.06
393242,Yes,1,1B,1,15.06
393242,Yes,1,1B,1,18.988
393242,Yes,1,1B,1,21.174
393242,Yes,1,1B,1,24.708
393242,Yes,1,1B,1,36.862
393242,Yes,1,1B,1,42.892
393242,Yes,1,1B,1,46.764
393242,Yes,1,1B,1,55.262
393242,Yes,1,1B,1,64.484
393242,Yes,1,8B,3,6.5809999999999995
393242,Yes,1,8B,3,19.117
393242,Yes,1,8B,3,39.07
393242,Yes,1,8B,3,55.101
393242,Yes,1,8B,3,67.133
393242,Yes,1,Intact,1,14.778
393242,Yes,1,Intact,1,19.383
393242,Yes,1,Intact,1,32.738
393242,Yes,1,Intact,1,35.191
393242,Yes,1,Intact,1,45.538
393242,Yes,1,Intact,1,61.44
393242,Yes,1,2B,1,5.414
393242,Yes,1,2B,1,12.601
393242,Yes,1,2B,1,17.062
393242,Yes,1,2B,1,20.984
393242,Yes,1,2B,1,23.216
393242,Yes,1,2B,1,28.884
393242,Yes,1,2B,1,35.168
393242,Yes,1,2B,1,44.82
393242,Yes,1,2B,1,57.074
393242,Yes,1,2B,1,64.992
393242,Yes,1,Intact,3,6.289999999999999
393242,Yes,1,Intact,3,13.797999999999998
393242,Yes,1,Intact,3,20.945999999999998
393242,Yes,1,Intact,3,31.786
393242,Yes,1,Intact,3,35.15
393242,Yes,1,Intact,3,44.998
393242,Yes,1,Intact,3,52.245999999999995
393242,Yes,1,Intact,3,61.434
393242,Yes,1,Intact,3,66.294
393241,Yes,1,Intact,3,4.952999999999999
393241,Yes,1,Intact,3,27.753
393241,Yes,1,Intact,3,47.633
393241,Yes,1,Intact,3,64.177
393241,Yes,1,8B,3,13.751999999999999
393241,Yes,1,8B,3,39.336
393241,Yes,1,8B,3,55.569
393241,Yes,1,1B,3,7.431000000000001
393241,Yes,1,1B,3,60.81
393241,Yes,1,Intact,1,25.188
393241,Yes,1,Intact,1,51.949
393241,Yes,1,8B,1,23.724
393241,Yes,1,8B,1,40.95
393241,Yes,1,2B,1,19.764
393241,Yes,1,2B,1,34.645
393241,Yes,1,2B,1,64.698
393241,Yes,1,1B,1,21.43
393241,Yes,1,1B,1,46.894
393241,Yes,1,2B,3,14.571000000000002
393241,Yes,1,2B,3,28.677
393241,Yes,1,2B,3,40.565
393241,Yes,1,2B,3,50.373999999999995
393241,Yes,1,2B,3,63.245000000000005
393240,Yes,1,2B,1,7.308
393240,Yes,1,2B,1,18.972
393240,Yes,1,2B,1,29.036
393240,Yes,1,2B,1,38.132
393240,Yes,1,2B,1,56.501
393240,Yes,1,2B,1,65.564
393240,Yes,1,Intact,3,0.5259999999999998
393240,Yes,1,Intact,3,19.527
393240,Yes,1,Intact,3,31.503
393240,Yes,1,Intact,3,35.311
393240,Yes,1,Intact,3,44.039
393240,Yes,1,Intact,3,66.319
393240,Yes,1,1B,3,1.7080000000000002
393240,Yes,1,1B,3,15.940000000000001
393240,Yes,1,1B,3,39.788
393240,Yes,1,1B,3,49.996
393240,Yes,1,1B,3,57.18000000000001
393240,Yes,1,8B,1,18.134
393240,Yes,1,8B,1,34.263
393240,Yes,1,8B,1,54.094
393240,Yes,1,Intact,1,18.179
393240,Yes,1,Intact,1,34.411
393240,Yes,1,Intact,1,43.907
393240,Yes,1,Intact,1,50.411
393240,Yes,1,Intact,1,63.147
393240,Yes,1,2B,3,4.155999999999999
393240,Yes,1,2B,3,10.532
393240,Yes,1,2B,3,18.356
393240,Yes,1,2B,3,34.476
393240,Yes,1,2B,3,39.148
393240,Yes,1,2B,3,43.372
393240,Yes,1,2B,3,49.404
393240,Yes,1,2B,3,58.34
393240,Yes,1,2B,3,67.164
393240,Yes,1,1B,1,4.611
393240,Yes,1,1B,1,14.507
393240,Yes,1,1B,1,24.747
393240,Yes,1,1B,1,35.131
393240,Yes,1,1B,1,42.891
393240,Yes,1,1B,1,59.308
393240,Yes,1,8B,3,2.9589999999999996
393240,Yes,1,8B,3,22.447000000000003
393240,Yes,1,8B,3,38.431
393239,Yes,1,8B,1,22.286
393239,Yes,1,2B,3,0.2270000000000003
393239,Yes,1,2B,3,50.072
393239,Yes,1,1B,3,6.244
393239,Yes,1,1B,3,27.555
393239,Yes,1,1B,3,40.91
393239,Yes,1,1B,3,61.562
393239,Yes,1,1B,1,5.168
393239,Yes,1,1B,1,15.63
393239,Yes,1,1B,1,35.72
393239,Yes,1,8B,3,35.426
393239,Yes,1,8B,3,47.173
393239,Yes,1,8B,3,53.764
393239,Yes,1,Intact,1,22.081
393239,Yes,1,Intact,1,33.939
393239,Yes,1,2B,1,28.774
393239,Yes,1,2B,1,37.909
393239,Yes,1,2B,1,53.75
393239,Yes,1,Intact,3,1.7330000000000005
393239,Yes,1,Intact,3,19.741
393230,Yes,1,8B,1,18.617
393230,Yes,1,8B,1,35.253
393230,Yes,1,2B,3,6.917999999999999
393230,Yes,1,2B,3,12.309999999999999
393230,Yes,1,2B,3,51.173
393230,Yes,1,1B,3,2.661999999999999
393230,Yes,1,1B,3,33.198
393230,Yes,1,1B,3,43.209
393230,Yes,1,1B,3,50.577
393230,Yes,1,1B,1,5.737
393230,Yes,1,1B,1,19.005
393230,Yes,1,1B,1,42.643
393230,Yes,1,1B,1,65.725
393230,Yes,1,Intact,1,39.778
393230,Yes,1,8B,3,22.930999999999997
393230,Yes,1,8B,3,39.214
393230,Yes,1,Intact,3,1.995000000000001
393230,Yes,1,Intact,3,35.817
393230,Yes,1,2B,1,25.218
393230,Yes,1,2B,1,31.133
393230,Yes,1,2B,1,41.952
393230,Yes,1,2B,1,57.157
