,pitch_change,rhythm_change,boundaries,n_M_resp,n_NM_resp
0,0.0,0.0,0.0,2.0,0.0
1,4.3000030517578125,1.0,0.0,1.0,0.0
2,-4.4250030517578125,-2.0,0.0,1.0,0.0
3,0.9821434020996094,-1.0,0.0,0.0,0.0
4,4.142856597900391,-4.0,0.0,4.0,0.0
5,5.0,-1.0,0.0,1.0,2.0
6,-1.0,2.0,0.0,3.0,2.0
7,2.0,-3.0,0.0,0.0,0.0
8,-9.799999237060547,9.0,1.0,3.0,2.0
9,2.3999977111816406,0.0,0.0,2.0,1.0
10,-5.849998474121094,-2.0,0.0,1.0,0.0
11,1.3928565979003906,-1.0,0.0,0.0,0.0
12,2.6571426391601562,3.0,0.0,2.0,0.0
13,2.8999977111816406,0.0,0.0,1.0,0.0
14,-5.3249969482421875,-2.0,0.0,1.0,0.0
15,0.9107131958007812,-1.0,0.0,0.0,0.0
16,1.9642868041992188,-3.0,0.0,3.0,1.0
17,0.0,-4.0,0.0,3.0,1.0
18,2.25,8.0,0.0,2.0,1.0
19,0.0,0.0,0.0,0.0,2.0
20,-6.099998474121094,-3.0,0.0,3.0,0.0
21,-2.1500015258789062,-1.0,0.0,1.0,1.0
22,-3.8499984741210938,1.0,0.0,0.0,0.0
23,0.09999847412109375,-1.0,0.0,0.0,1.0
24,7.0,6.0,1.0,1.0,1.0
25,2.799999237060547,0.0,0.0,4.0,1.0
26,-5.549999237060547,-6.0,0.0,2.0,0.0
27,-0.25,2.0,0.0,0.0,0.0
28,8.75,-2.0,1.0,0.0,1.0
29,-0.5,0.0,0.0,2.0,1.0
30,2.75,0.0,0.0,1.0,0.0
31,3.25,0.0,0.0,1.0,0.0
32,-10.549999237060547,6.0,0.0,3.0,2.0
33,2.0,0.0,0.0,2.0,0.0
34,-4.866668701171875,-4.0,0.0,1.0,0.0
35,-0.8333320617675781,-2.0,0.0,0.0,0.0
36,3.0,0.0,1.0,2.0,0.0
37,-0.75,0.0,0.0,2.0,0.0
38,2.0,0.0,0.0,1.0,0.0
39,0.0,-4.0,0.0,0.0,0.0
40,4.25,3.0,0.0,1.0,1.0
41,5.0,-1.0,0.0,2.0,1.0
42,-1.0,2.0,0.0,0.0,0.0
43,2.0,-3.0,0.0,0.0,0.0
44,-12.25,3.0,0.0,0.0,1.0
45,0.0,-4.0,0.0,0.0,0.0
46,2.0,4.0,0.0,2.0,1.0
47,0.0,-4.0,0.0,0.0,1.0
48,7.849998474121094,5.0,1.0,2.0,0.0
49,-0.34999847412109375,-1.0,0.0,1.0,1.0
50,-0.0500030517578125,1.0,0.0,1.0,0.0
51,-0.4499969482421875,-1.0,0.0,1.0,0.0
52,-8.25,6.0,0.0,2.0,2.0
53,2.799999237060547,0.0,0.0,2.0,1.0
54,-5.633331298828125,-4.0,0.0,1.0,1.0
55,-0.16666793823242188,-2.0,0.0,0.0,0.0
56,3.700000762939453,6.0,1.0,0.0,0.0
57,2.0,0.0,0.0,1.0,0.0
58,-5.533332824707031,-4.0,0.0,0.0,0.0
59,-0.16666793823242188,-2.0,0.0,0.0,0.0
60,0.0,0.0,0.0,0.0,0.0
61,6.5,-2.0,0.0,0.0,0.0
62,-3.666667938232422,1.0,0.0,0.0,0.0
63,3.666667938232422,-1.0,0.0,0.0,0.0
64,-8.400001525878906,3.0,0.0,0.0,0.0
65,1.7333335876464844,-2.0,0.0,2.0,3.0
66,-2.583332061767578,1.0,0.0,1.0,0.0
67,3.583332061767578,-1.0,0.0,0.0,1.0
68,13.416667938232422,1.0,0.0,3.0,0.0
69,4.916664123535156,-1.0,0.0,3.0,5.0
70,3.3333358764648438,-1.0,0.0,1.0,0.0
71,-4.666664123535156,1.0,0.0,0.0,1.0
72,-13.083335876464844,1.0,0.0,2.0,0.0
73,8.75,-2.0,0.0,1.0,3.0
74,-9.75,2.0,0.0,2.0,1.0
75,9.75,-2.0,0.0,1.0,0.0
76,-11.75,2.0,0.0,2.0,0.0
77,4.25,0.0,0.0,0.0,0.0
78,-4.75,0.0,0.0,0.0,0.0
79,0.0,-4.0,0.0,0.0,0.0
80,11.75,2.0,1.0,4.0,6.0
81,-10.0,0.0,0.0,2.0,2.0
82,10.5,0.0,0.0,2.0,0.0
83,-10.5,0.0,0.0,1.0,0.0
84,2.125,6.0,1.0,0.0,1.0
85,3.75,0.0,0.0,1.0,0.0
86,3.5,0.0,0.0,0.0,0.0
87,2.5,0.0,0.0,0.0,0.0
88,-7.625,0.0,0.0,0.0,0.0
89,-2.75,0.0,0.0,1.0,0.0
90,2.75,0.0,0.0,0.0,0.0
91,-2.75,0.0,0.0,0.0,0.0
92,0.75,-4.0,0.0,0.0,0.0
93,-1.875,4.0,0.0,1.0,3.0
94,-1.625,-4.0,0.0,1.0,2.0
95,0.125,4.0,0.0,0.0,0.0
96,12.625,-5.0,0.0,1.0,0.0
97,4.0,-1.0,0.0,4.0,4.0
98,-12.0,0.0,0.0,0.0,0.0
99,-6.0,0.0,0.0,1.0,1.0
100,-0.5,2.0,1.0,3.0,1.0
101,6.5,-2.0,0.0,0.0,1.0
102,-3.666667938232422,1.0,0.0,0.0,1.0
103,3.666667938232422,-1.0,0.0,1.0,0.0
104,-3.875,6.0,0.0,0.0,0.0
105,0.125,-4.0,0.0,2.0,2.0
106,-0.125,4.0,0.0,2.0,2.0
107,0.125,-4.0,0.0,0.0,0.0
108,-4.650001525878906,1.0,0.0,0.0,1.0
109,1.7333335876464844,-2.0,0.0,2.0,0.0
110,-2.583332061767578,1.0,0.0,1.0,0.0
111,3.583332061767578,-1.0,0.0,0.0,0.0
112,19.333332061767578,0.0,0.0,0.0,1.0
113,-15.666664123535156,-2.0,0.0,1.0,4.0
114,10.5,1.0,0.0,1.0,0.0
115,-11.5,-1.0,0.0,0.0,0.0
116,8.333335876464844,2.0,0.0,0.0,1.0
117,4.666664123535156,-2.0,0.0,0.0,1.0
118,-1.0,2.0,0.0,0.0,0.0
119,-2.0,-2.0,0.0,1.0,0.0
120,-1.3333358764648438,2.0,0.0,0.0,0.0
121,11.333335876464844,-2.0,0.0,0.0,0.0
122,-14.333332061767578,2.0,0.0,0.0,0.0
123,14.333332061767578,-2.0,0.0,0.0,0.0
124,0.0,0.0,0.0,0.0,1.0
125,0.25,-4.0,0.0,0.0,0.0
126,-0.25,4.0,0.0,0.0,0.0
127,0.25,-4.0,0.0,1.0,0.0
128,-9.75,0.0,0.0,3.0,5.0
129,-0.5,0.0,0.0,2.0,3.0
130,0.16666793823242188,-1.0,0.0,0.0,1.0
131,0.0,-3.0,0.0,0.0,0.0
132,-3.4666671752929688,5.0,1.0,0.0,0.0
133,1.133331298828125,-2.0,0.0,3.0,1.0
134,-1.3333320617675781,1.0,0.0,0.0,0.0
135,2.666667938232422,-1.0,0.0,0.0,1.0
136,5.833332061767578,-1.0,0.0,0.0,3.0
137,-9.0,0.0,0.0,4.0,0.0
138,8.0,0.0,0.0,2.0,1.0
139,-7.5,0.0,0.0,0.0,1.0
140,12.75,2.0,0.0,0.0,1.0
141,4.916664123535156,-1.0,0.0,3.0,5.0
142,3.3333358764648438,-1.0,0.0,2.0,2.0
143,0.0,0.0,0.0,0.0,0.0
144,-18.25,2.0,0.0,1.0,1.0
145,4.25,-2.0,0.0,1.0,2.0
146,-3.333332061767578,1.0,0.0,2.0,0.0
147,4.333332061767578,-2.0,0.0,0.0,0.0
148,5.875,7.0,0.0,2.0,2.0
149,-2.625,0.0,0.0,3.0,4.0
150,2.625,0.0,0.0,0.0,2.0
151,-2.625,0.0,0.0,1.0,0.0
152,-3.5,-4.0,0.0,1.0,1.0
153,4.916664123535156,-1.0,0.0,1.0,0.0
154,-0.9166641235351562,1.0,0.0,2.0,2.0
155,2.5833358764648438,-1.0,0.0,0.0,2.0
156,-15.73333740234375,2.0,0.0,2.0,3.0
157,1.4000015258789062,-2.0,0.0,0.0,4.0
158,-2.0,1.0,0.0,1.0,0.0
159,2.666667938232422,-1.0,0.0,0.0,0.0
160,8.333332061767578,0.0,0.0,1.0,1.0
161,13.0,-2.0,0.0,2.0,1.0
162,-13.0,2.0,0.0,2.0,1.0
163,13.0,-2.0,0.0,0.0,1.0
164,-15.333332061767578,2.0,1.0,0.0,0.0
165,8.333332061767578,-2.0,0.0,0.0,1.0
166,-7.333332061767578,2.0,0.0,0.0,0.0
167,6.333332061767578,-2.0,0.0,1.0,0.0
168,-1.5,1.0,0.0,0.0,0.0
169,6.5,-1.0,0.0,0.0,1.0
170,-16.0,1.0,0.0,2.0,1.0
171,12.5,0.0,0.0,0.0,0.0
172,-19.833332061767578,1.0,0.0,2.0,6.0
173,1.3333320617675781,0.0,0.0,1.0,2.0
174,-1.3333320617675781,0.0,0.0,1.0,0.0
175,0.0,-3.0,0.0,0.0,1.0
176,11.0,3.0,0.0,2.0,1.0
177,8.333332061767578,-2.0,0.0,2.0,3.0
178,-7.333332061767578,2.0,0.0,1.0,0.0
179,6.333332061767578,-2.0,0.0,0.0,1.0
180,-18.333332061767578,2.0,0.0,2.0,3.0
181,6.333332061767578,-1.0,0.0,1.0,3.0
182,-4.0,1.0,0.0,1.0,1.0
183,5.5,-1.0,0.0,2.0,0.0
184,4.25,2.0,0.0,2.0,1.0
185,6.25,-3.0,0.0,1.0,2.0
186,-4.400001525878906,4.0,0.0,2.0,1.0
187,4.400001525878906,-3.0,0.0,0.0,2.0
188,0.0,0.0,0.0,1.0,0.0
189,0.0,0.0,0.0,0.0,0.0
190,-2.0,-4.0,0.0,0.0,0.0
191,1.5833320617675781,-1.0,0.0,0.0,0.0
192,6.000003814697266,0.0,0.0,1.0,4.0
193,5.666664123535156,-1.0,0.0,0.0,0.0
194,-3.6666641235351562,4.0,0.0,2.0,0.0
195,2.6666641235351562,-5.0,0.0,0.0,1.0
196,-1.1999969482421875,4.0,0.0,1.0,1.0
197,-1.5500030517578125,-1.0,0.0,0.0,1.0
198,-3.8499984741210938,1.0,0.0,3.0,0.0
199,0.09999847412109375,-1.0,0.0,1.0,1.0
200,3.1666641235351562,2.0,0.0,0.0,2.0
201,1.6666717529296875,0.0,0.0,2.0,2.0
202,0.6666641235351562,-1.0,0.0,1.0,1.0
203,1.1666641235351562,1.0,0.0,1.0,0.0
204,-6.666664123535156,-2.0,0.0,1.0,2.0
205,-0.5,0.0,0.0,1.0,0.0
206,0.0,1.0,0.0,0.0,1.0
207,1.0,-4.0,0.0,0.0,0.0
208,-11.5,3.0,0.0,0.0,3.0
209,1.3571434020996094,3.0,0.0,2.0,1.0
210,-2.1071434020996094,-3.0,0.0,0.0,1.0
211,1.25,3.0,0.0,0.0,0.0
212,12.400001525878906,-2.0,0.0,1.0,1.0
213,-2.4000015258789062,0.0,0.0,1.0,1.0
214,-2.0,-1.0,0.0,0.0,0.0
215,-0.5999984741210938,1.0,0.0,0.0,0.0
216,3.0999984741210938,-1.0,0.0,1.0,2.0
217,-0.5,0.0,0.0,0.0,0.0
218,0.0,1.0,0.0,0.0,0.0
219,1.0,-4.0,0.0,0.0,1.0
220,-2.75,7.0,0.0,1.0,2.0
221,0.0,0.0,0.0,0.0,1.0
222,0.0,-4.0,0.0,0.0,0.0
223,-1.5,0.0,0.0,0.0,0.0
224,1.5,0.0,1.0,2.0,1.0
225,-1.75,0.0,0.0,0.0,1.0
226,-1.75,0.0,0.0,1.0,0.0
227,0.0,-4.0,0.0,0.0,1.0
228,6.625,8.0,1.0,1.0,3.0
229,2.625,0.0,0.0,0.0,1.0
230,-8.625,0.0,0.0,2.0,0.0
231,0.9107131958007812,-1.0,0.0,0.0,1.0
232,-0.28571319580078125,2.0,0.0,0.0,0.0
233,4.3000030517578125,1.0,0.0,0.0,0.0
234,-4.4250030517578125,-2.0,0.0,0.0,0.0
235,0.9821434020996094,-1.0,0.0,0.0,0.0
236,6.809520721435547,-1.0,0.0,0.0,0.0
237,1.6666717529296875,0.0,0.0,0.0,2.0
238,0.0666656494140625,-1.0,0.0,1.0,0.0
239,1.76666259765625,1.0,0.0,0.0,1.0
240,-10.416664123535156,2.0,0.0,0.0,3.0
241,0.0,0.0,0.0,0.0,1.0
242,-2.0,-4.0,0.0,0.0,0.0
243,1.5833320617675781,-1.0,0.0,0.0,1.0
244,-6.833332061767578,1.0,0.0,0.0,2.0
245,1.3571434020996094,3.0,0.0,0.0,1.0
246,-2.1071434020996094,-3.0,0.0,0.0,0.0
247,1.25,3.0,0.0,1.0,0.0
248,4.75,-3.0,1.0,0.0,1.0
249,0.0,-4.0,0.0,0.0,0.0
250,3.75,4.0,0.0,0.0,0.0
251,0.0,-4.0,0.0,0.0,1.0
252,0.0,0.0,0.0,0.0,0.0
253,6.25,-3.0,0.0,1.0,0.0
254,-6.8000030517578125,4.0,0.0,1.0,0.0
255,1.5500030517578125,-1.0,0.0,0.0,0.0
256,-19.25,-2.0,0.0,3.0,3.0
257,16.5,0.0,0.0,1.0,1.0
258,-8.5,0.0,0.0,0.0,0.0
259,8.5,0.0,0.0,0.0,1.0
260,-3.25,2.0,1.0,1.0,0.0
261,6.25,-3.0,0.0,1.0,0.0
262,-4.400001525878906,4.0,0.0,1.0,1.0
263,4.400001525878906,-3.0,0.0,0.0,1.0
264,0.6666641235351562,1.0,0.0,2.0,1.0
265,7.333335876464844,-2.0,0.0,2.0,1.0
266,-7.333335876464844,2.0,0.0,0.0,0.0
267,5.333335876464844,-2.0,0.0,0.0,1.0
268,-20.25,3.0,0.0,2.0,2.0
269,4.0,0.0,0.0,1.0,0.0
270,-2.25,0.0,0.0,0.0,0.0
271,-1.5,4.0,0.0,0.0,3.0
272,7.75,-4.0,0.0,1.0,0.0
273,4.916664123535156,-1.0,0.0,0.0,1.0
274,-0.9166641235351562,1.0,0.0,4.0,1.0
275,2.5833358764648438,-1.0,0.0,0.0,0.0
276,3.6666641235351562,3.0,0.0,1.0,1.0
277,0.5,-2.0,0.0,2.0,2.0
278,-2.3000030517578125,1.0,0.0,0.0,1.0
279,-2.1999969482421875,-3.0,0.0,0.0,1.0
280,-17.400001525878906,3.0,1.0,1.0,2.0
281,1.7333335876464844,-2.0,0.0,2.0,0.0
282,-2.583332061767578,1.0,0.0,0.0,1.0
283,3.583332061767578,-1.0,0.0,0.0,0.0
284,13.416667938232422,1.0,0.0,1.0,2.0
285,6.25,-3.0,0.0,1.0,0.0
286,-6.8000030517578125,4.0,0.0,0.0,1.0
287,1.5500030517578125,-1.0,0.0,1.0,1.0
288,-3.0833358764648438,-1.0,0.0,0.0,1.0
289,11.333335876464844,-2.0,0.0,2.0,1.0
290,-14.333332061767578,2.0,0.0,1.0,0.0
291,14.333332061767578,-2.0,0.0,1.0,2.0
292,-14.0,2.0,1.0,0.0,0.0
293,11.0,-2.0,0.0,0.0,0.0
294,-11.333332061767578,2.0,0.0,0.0,0.0
295,9.333332061767578,-2.0,0.0,2.0,1.0
296,-18.5,3.0,0.0,3.0,1.0
297,1.25,0.0,0.0,2.0,0.0
298,0.5833320617675781,-1.0,0.0,0.0,1.0
299,0.0,-3.0,0.0,0.0,2.0
300,4.666667938232422,1.0,0.0,0.0,2.0
301,-8.666667938232422,5.0,0.0,2.0,0.0
302,2.166667938232422,-2.0,0.0,0.0,1.0
303,0.0,-4.0,0.0,0.0,0.0
304,0.0,4.0,1.0,0.0,2.0
305,1.25,0.0,0.0,1.0,0.0
306,1.75,0.0,0.0,1.0,0.0
307,0.0,-4.0,0.0,0.0,0.0
308,6.25,4.0,0.0,0.0,2.0
309,6.25,-3.0,0.0,3.0,1.0
310,-4.400001525878906,4.0,0.0,0.0,0.0
311,4.400001525878906,-3.0,0.0,1.0,2.0
312,4.666664123535156,1.0,0.0,0.0,2.0
313,-18.666664123535156,-2.0,0.0,1.0,0.0
314,13.5,1.0,0.0,0.0,0.0
315,-13.5,0.0,0.0,1.0,0.0
316,0.0,0.0,0.0,0.0,0.0
317,1.6666717529296875,0.0,0.0,0.0,0.0
318,0.0666656494140625,-1.0,0.0,1.0,0.0
319,1.76666259765625,1.0,0.0,0.0,0.0
320,-7.366664886474609,-1.0,0.0,0.0,0.0
321,-1.5499992370605469,-1.0,0.0,0.0,1.0
322,-6.049999237060547,1.0,0.0,1.0,0.0
323,-0.4500007629394531,-1.0,0.0,0.0,0.0
324,5.0,0.0,1.0,0.0,0.0
325,0.75,4.0,0.0,1.0,0.0
326,0.0,-4.0,0.0,1.0,1.0
327,-1.25,0.0,0.0,0.0,1.0
328,0.5,0.0,0.0,0.0,0.0
329,0.75,4.0,0.0,0.0,0.0
330,0.0,-4.0,0.0,1.0,0.0
331,-1.25,0.0,0.0,0.0,0.0
332,6.083335876464844,2.0,0.0,1.0,0.0
333,3.6666641235351562,0.0,0.0,0.0,3.0
334,-0.5999984741210938,-1.0,0.0,1.0,0.0
335,-2.4000015258789062,1.0,0.0,0.0,0.0
336,-4.75,-2.0,0.0,0.0,1.0
337,-1.5,0.0,0.0,0.0,0.0
338,-2.0,0.0,0.0,0.0,0.0
339,0.0,-4.0,0.0,0.0,1.0
340,5.5,4.0,0.0,1.0,1.0
341,1.4166641235351562,2.0,0.0,1.0,2.0
342,1.0,0.0,0.0,0.0,0.0
343,4.083335876464844,-2.0,0.0,1.0,0.0
344,-7.5,0.0,1.0,0.0,0.0
345,0.0,0.0,0.0,0.0,0.0
346,0.625,4.0,0.0,0.0,1.0
347,0.625,-4.0,0.0,0.0,0.0
348,2.6666641235351562,2.0,0.0,1.0,0.0
349,2.8333358764648438,0.0,0.0,1.0,0.0
350,-0.5999984741210938,-1.0,0.0,0.0,1.0
351,-2.4000015258789062,1.0,0.0,0.0,0.0
352,-8.5,-2.0,0.0,0.0,0.0
353,0.25,0.0,0.0,0.0,0.0
354,3.75,0.0,0.0,0.0,1.0
355,0.25,0.0,0.0,0.0,0.0
356,4.916664123535156,2.0,0.0,0.0,0.0
357,1.6666717529296875,0.0,0.0,1.0,1.0
358,0.0666656494140625,-1.0,0.0,1.0,0.0
359,1.76666259765625,1.0,0.0,1.0,0.0
360,-8.916664123535156,-2.0,0.0,0.0,0.0
361,0.0,-4.0,0.0,0.0,2.0
362,2.25,8.0,0.0,1.0,0.0
363,0.0,0.0,0.0,0.0,1.0
364,4.900001525878906,-3.0,0.0,0.0,0.0
365,0.40000152587890625,0.0,0.0,0.0,0.0
366,-8.13333511352539,1.0,0.0,0.0,0.0
367,-7.866668701171875,-1.0,0.0,0.0,2.0
368,8.450000762939453,3.0,1.0,0.0,0.0
369,0.0,0.0,0.0,1.0,0.0
370,0.0,-4.0,0.0,0.0,0.0
371,-1.5,0.0,0.0,1.0,0.0
372,4.625,4.0,0.0,0.0,0.0
373,2.625,0.0,0.0,1.0,3.0
374,-8.625,0.0,0.0,0.0,0.0
375,0.9107131958007812,-1.0,0.0,1.0,0.0
376,0.46428680419921875,-3.0,0.0,1.0,0.0
377,0.0,4.0,0.0,0.0,0.0
378,-1.75,-4.0,0.0,0.0,0.0
379,0.0,-4.0,0.0,1.0,0.0
380,0.0,0.0,0.0,0.0,0.0
381,0.0,-4.0,0.0,0.0,0.0
382,-3.200000762939453,5.0,1.0,0.0,1.0
383,1.5333328247070312,1.0,0.0,0.0,0.0
384,0.0,-3.0,0.0,1.0,1.0
385,-5.666664123535156,0.0,0.0,2.0,2.0
386,7.333332061767578,2.0,0.0,0.0,1.0
387,-1.5,-1.0,0.0,3.0,0.0
388,0.6666679382324219,2.0,0.0,0.0,1.0
389,-6.666667938232422,-2.0,0.0,1.0,1.0
390,1.5,-1.0,1.0,0.0,0.0
391,6.25,1.0,0.0,0.0,0.0
392,7.75,-2.0,0.0,2.0,1.0
393,-1.5,0.0,0.0,1.0,1.0
394,5.166664123535156,1.0,0.0,2.0,2.0
395,-3.6666641235351562,-1.0,0.0,1.0,0.0
396,-9.5,4.0,0.0,1.0,2.0
397,-5.25,-2.0,0.0,3.0,1.0
398,4.150001525878906,1.0,0.0,1.0,1.0
399,2.2666664123535156,1.0,0.0,1.0,0.0
400,2.833332061767578,-2.0,0.0,2.0,0.0
401,8.0,-2.0,0.0,0.0,1.0
402,-1.9000015258789062,3.0,0.0,2.0,1.0
403,4.400001525878906,-3.0,0.0,1.0,1.0
404,-12.666667938232422,4.0,0.0,1.0,0.0
405,-10.333332061767578,-3.0,0.0,1.0,2.0
406,6.799999237060547,2.0,0.0,1.0,0.0
407,1.5333328247070312,1.0,0.0,0.0,1.0
408,9.666667938232422,-4.0,0.0,4.0,1.0
409,-1.5,0.0,0.0,2.0,2.0
410,5.166664123535156,1.0,0.0,1.0,1.0
411,-3.6666641235351562,-1.0,0.0,2.0,0.0
412,4.25,2.0,0.0,0.0,0.0
413,-4.583335876464844,-1.0,0.0,0.0,1.0
414,-6.916664123535156,1.0,0.0,2.0,0.0
415,-0.5,0.0,0.0,2.0,2.0
416,0.4166679382324219,-1.0,0.0,0.0,1.0
417,6.333332061767578,0.0,0.0,1.0,1.0
418,-2.75,1.0,0.0,3.0,1.0
419,8.25,-2.0,0.0,0.0,0.0
420,-14.166667938232422,1.0,0.0,0.0,0.0
421,7.000003814697266,0.0,0.0,2.0,1.0
422,-6.666667938232422,0.0,0.0,1.0,1.0
423,6.333332061767578,0.0,0.0,0.0,2.0
424,-5.666667938232422,3.0,0.0,1.0,1.0
425,1.6666679382324219,-4.0,0.0,1.0,1.0
426,-4.75,2.0,0.0,0.0,1.0
427,3.0,0.0,0.0,1.0,1.0
428,2.75,1.0,0.0,0.0,0.0
429,4.25,-1.0,0.0,0.0,2.0
430,0.25,-2.0,0.0,0.0,0.0
431,-2.0,0.0,0.0,0.0,0.0
432,2.0,0.0,0.0,1.0,1.0
433,-8.25,2.0,0.0,1.0,1.0
434,-3.5,0.0,0.0,0.0,1.0
435,0.0,-4.0,0.0,1.0,1.0
436,7.849998474121094,5.0,1.0,2.0,4.0
437,0.40000152587890625,0.0,0.0,4.0,0.0
438,3.6666641235351562,1.0,0.0,1.0,0.0
439,-3.8666648864746094,-1.0,0.0,0.0,1.0
440,-4.299999237060547,1.0,0.0,1.0,1.0
441,-5.25,-2.0,0.0,0.0,1.0
442,4.150001525878906,1.0,0.0,0.0,0.0
443,3.0999984741210938,1.0,0.0,0.0,0.0
444,0.0,0.0,0.0,1.0,1.0
445,-1.0,-1.0,0.0,2.0,0.0
446,0.0,-2.0,0.0,0.0,0.0
447,8.0,1.0,0.0,0.0,2.0
448,6.0,1.0,0.0,1.0,2.0
449,-1.5,0.0,0.0,1.0,3.0
450,5.166664123535156,1.0,0.0,3.0,2.0
451,-3.6666641235351562,-1.0,0.0,0.0,1.0
452,0.0,-2.0,0.0,1.0,0.0
453,-4.0,1.0,0.0,0.0,2.0
454,1.5,3.0,0.0,1.0,1.0
455,2.5,0.0,0.0,2.0,2.0
456,-11.25,0.0,0.0,5.0,3.0
457,-7.75,-2.0,0.0,0.0,1.0
458,5.0,1.0,0.0,2.0,1.0
459,6.25,1.0,0.0,0.0,1.0
460,0.25,0.0,0.0,1.0,1.0
461,-3.700000762939453,1.0,0.0,0.0,0.0
462,1.7000007629394531,-1.0,1.0,2.0,0.0
463,1.2999992370605469,1.0,0.0,0.0,3.0
464,8.200000762939453,-3.0,0.0,2.0,2.0
465,-1.5,0.0,0.0,1.0,1.0
466,5.166664123535156,1.0,0.0,2.0,1.0
467,-3.6666641235351562,-1.0,0.0,0.0,1.0
468,-5.75,2.0,0.0,1.0,2.0
469,0.08333206176757812,-1.0,0.0,2.0,0.0
470,-0.08333206176757812,1.0,0.0,1.0,3.0
471,0.08333206176757812,-1.0,0.0,0.0,3.0
472,9.916667938232422,1.0,0.0,1.0,0.0
473,-4.583335876464844,-1.0,0.0,1.0,0.0
474,-4.666664123535156,0.0,1.0,1.0,2.0
475,-2.5,-1.0,0.0,0.0,3.0
476,9.75,2.0,0.0,0.0,0.0
477,4.75,-2.0,0.0,0.0,1.0
478,-6.666664123535156,1.0,0.0,2.0,1.0
479,1.6666641235351562,-1.0,0.0,0.0,0.0
480,-9.428569793701172,5.0,0.0,1.0,2.0
481,-5.071430206298828,-3.0,0.0,0.0,1.0
482,2.700000762939453,1.0,0.0,1.0,1.0
483,-1.2000007629394531,1.0,0.0,4.0,5.0
484,10.666664123535156,-3.0,0.0,2.0,1.0
485,-9.666664123535156,-1.0,0.0,0.0,0.0
486,7.5,2.0,0.0,2.0,5.0
487,2.5,0.0,0.0,2.0,0.0
488,-6.0,-1.0,0.0,1.0,1.0
489,0.0,-3.0,0.0,2.0,1.0
490,-3.333332061767578,3.0,1.0,2.0,0.0
491,8.083332061767578,1.0,0.0,0.0,1.0
492,-3.416667938232422,-1.0,0.0,0.0,2.0
493,-2.6666641235351562,0.0,0.0,2.0,3.0
494,-2.166667938232422,1.0,0.0,6.0,0.0
495,2.0,0.0,0.0,1.0,1.0
496,1.5,1.0,1.0,0.0,2.0
497,4.25,-1.0,0.0,2.0,1.0
498,0.25,-2.0,0.0,0.0,0.0
499,-2.0,0.0,0.0,0.0,1.0
500,-6.5,1.0,0.0,1.0,1.0
501,7.333335876464844,0.0,0.0,0.0,1.0
502,-5.000003814697266,0.0,0.0,1.0,1.0
503,6.666667938232422,0.0,0.0,1.0,1.0
504,-4.0,0.0,0.0,0.0,1.0
505,-2.0,1.0,0.0,0.0,1.0
506,4.25,0.0,0.0,0.0,3.0
507,-4.25,0.0,0.0,2.0,0.0
508,0.0,0.0,0.0,0.0,0.0
509,8.333332061767578,-2.0,0.0,0.0,0.0
510,-7.333332061767578,2.0,0.0,0.0,0.0
511,6.333332061767578,-2.0,0.0,0.0,0.0
512,-13.799999237060547,4.0,1.0,4.0,4.0
513,1.133331298828125,-2.0,0.0,1.0,4.0
514,-3.333332061767578,1.0,0.0,0.0,0.0
515,2.666667938232422,-1.0,0.0,0.0,0.0
516,8.333332061767578,5.0,1.0,1.0,0.0
517,-0.5,-4.0,0.0,0.0,2.0
518,0.5,4.0,0.0,0.0,2.0
519,-0.5,-4.0,0.0,0.0,1.0
520,5.099998474121094,1.0,0.0,1.0,1.0
521,0.40000152587890625,-1.0,0.0,4.0,3.0
522,-6.0,-2.0,0.0,0.0,1.0
523,0.0,-2.0,0.0,0.0,0.0
524,-3.799999237060547,5.0,1.0,3.0,3.0
525,-0.7000007629394531,-1.0,0.0,0.0,0.0
526,-1.5,-2.0,0.0,0.0,0.0
527,0.0,-2.0,0.0,0.0,0.0
528,14.599998474121094,5.0,1.0,1.0,2.0
529,-1.3499984741210938,-1.0,0.0,2.0,2.0
530,-10.25,0.0,0.0,0.0,0.0
531,-3.0,-2.0,0.0,0.0,3.0
532,2.333332061767578,1.0,1.0,1.0,5.0
533,2.666667938232422,-1.0,0.0,2.0,0.0
534,-3.333332061767578,1.0,0.0,1.0,0.0
535,3.333332061767578,-1.0,0.0,0.0,1.0
536,3.6666641235351562,1.0,0.0,0.0,0.0
537,11.333335876464844,-2.0,0.0,2.0,0.0
538,-14.333332061767578,2.0,0.0,0.0,2.0
539,14.333332061767578,-2.0,0.0,2.0,3.0
540,-20.200000762939453,4.0,0.0,0.0,1.0
541,0.866668701171875,-2.0,0.0,4.0,2.0
542,-2.666667938232422,1.0,0.0,0.0,0.0
543,2.0,-1.0,0.0,0.0,1.0
544,10.75,1.0,0.0,1.0,1.0
545,6.25,-3.0,0.0,1.0,1.0
546,-6.8000030517578125,4.0,0.0,1.0,3.0
547,1.5500030517578125,-1.0,0.0,2.0,0.0
548,-0.15000152587890625,1.0,0.0,1.0,0.0
549,1.4000015258789062,-3.0,0.0,1.0,1.0
550,-5.333335876464844,1.0,0.0,0.0,1.0
551,-4.666664123535156,-1.0,0.0,0.0,0.0
552,7.75,2.0,1.0,0.0,0.0
553,6.25,-3.0,0.0,0.0,0.0
554,-6.8000030517578125,4.0,0.0,1.0,0.0
555,1.5500030517578125,-1.0,0.0,0.0,0.0
556,-11.150001525878906,1.0,0.0,0.0,1.0
557,1.0666694641113281,-2.0,0.0,4.0,2.0
558,7.833332061767578,-1.0,0.0,0.0,0.0
559,0.0,-2.0,0.0,0.0,1.0
560,-3.75,4.0,1.0,1.0,3.0
561,6.25,-3.0,0.0,4.0,0.0
562,-4.400001525878906,4.0,0.0,1.0,1.0
563,4.400001525878906,-3.0,0.0,0.0,1.0
564,-10.75,2.0,0.0,1.0,4.0
565,8.75,-2.0,0.0,0.0,0.0
566,-9.5,2.0,0.0,0.0,1.0
567,9.5,-2.0,0.0,0.0,0.0
568,0.9000015258789062,8.0,0.0,1.0,2.0
569,7.099998474121094,-9.0,0.0,1.0,2.0
570,-1.5,1.0,0.0,1.0,2.0
571,-8.5,2.0,0.0,2.0,1.0
572,0.0,0.0,0.0,0.0,0.0
573,0.25,0.0,0.0,0.0,0.0
574,3.75,0.0,0.0,0.0,1.0
575,0.25,0.0,0.0,0.0,0.0
576,4.416664123535156,2.0,0.0,1.0,2.0
577,2.8333358764648438,0.0,0.0,2.0,1.0
578,-2.0,2.0,0.0,0.0,1.0
579,4.8000030517578125,-3.0,0.0,1.0,1.0
580,-12.050003051757812,-1.0,1.0,0.0,0.0
581,0.0,4.0,0.0,0.0,1.0
582,-1.75,-4.0,0.0,1.0,0.0
583,0.0,-4.0,0.0,0.0,0.0
584,0.5,4.0,0.0,0.0,0.0
585,-0.75,0.0,0.0,0.0,0.0
586,2.0,0.0,0.0,0.0,0.0
587,0.0,-4.0,0.0,0.0,0.0
588,-2.083332061767578,3.0,1.0,3.0,2.0
589,4.333332061767578,-1.0,0.0,0.0,0.0
590,-0.6666679382324219,4.0,0.0,2.0,1.0
591,1.2666664123535156,-1.0,0.0,0.0,0.0
592,-1.7999992370605469,5.0,0.0,1.0,2.0
593,2.8999977111816406,0.0,0.0,0.0,0.0
594,-5.3249969482421875,-2.0,0.0,2.0,0.0
595,0.9107131958007812,-1.0,0.0,0.0,0.0
596,0.9142875671386719,3.0,0.0,0.0,0.0
597,2.3999977111816406,0.0,0.0,0.0,0.0
598,-5.849998474121094,-2.0,0.0,1.0,0.0
599,1.3928565979003906,-1.0,0.0,0.0,0.0
600,1.6571426391601562,3.0,0.0,0.0,0.0
601,2.1000022888183594,0.0,0.0,2.0,0.0
602,-3.5250015258789062,-2.0,0.0,0.0,0.0
603,0.625,-1.0,0.0,0.0,0.0
604,-3.25,-3.0,0.0,0.0,0.0
605,1.375,4.0,0.0,1.0,2.0
606,4.208332061767578,-2.0,0.0,0.0,0.0
607,1.2666664123535156,-1.0,0.0,0.0,1.0
608,-6.849998474121094,-1.0,0.0,0.0,0.0
609,-2.3499984741210938,1.0,0.0,3.0,2.0
610,-1.4000015258789062,-1.0,0.0,2.0,2.0
611,-1.2000007629394531,1.0,0.0,0.0,0.0
612,13.450000762939453,-1.0,0.0,1.0,1.0
613,-0.5,0.0,0.0,1.0,1.0
614,2.75,0.0,0.0,2.0,1.0
615,3.25,0.0,0.0,0.0,0.0
616,-8.25,0.0,0.0,1.0,1.0
617,0.9285697937011719,3.0,0.0,0.0,0.0
618,-1.6785697937011719,-3.0,0.0,1.0,0.0
619,0.8214302062988281,3.0,0.0,0.0,0.0
620,-9.571430206298828,-2.0,0.0,1.0,0.0
621,3.0,0.0,0.0,1.0,1.0
622,3.0,0.0,0.0,0.0,0.0
623,2.4000015258789062,0.0,0.0,0.0,0.0
624,1.8499984741210938,-1.0,0.0,2.0,2.0
625,0.0,0.0,0.0,1.0,0.0
626,0.625,4.0,0.0,2.0,4.0
627,0.625,-4.0,0.0,0.0,1.0
628,-3.700000762939453,6.0,1.0,1.0,2.0
629,2.1000022888183594,0.0,0.0,1.0,1.0
630,-3.5250015258789062,-2.0,0.0,2.0,0.0
631,0.625,-1.0,0.0,0.0,0.0
632,6.333335876464844,-4.0,0.0,3.0,2.0
633,5.666664123535156,-1.0,0.0,0.0,0.0
634,0.25,2.0,0.0,1.0,0.0
635,-1.25,-3.0,0.0,0.0,2.0
