Musician,sub,scramble,16,8,5,4,3,2,1
Yes,0,Intact,0.09603344039297183,0.027512316305108465,-0.04924737713970183,-0.01640762596459373,0.007151356993736955,0.00870722366664324,0.006110766600170989
Yes,1,Intact,-0.40617368421052846,-0.0646909177365668,-0.0393283851643027,-0.13251202716597218,-0.0722176336269794,-0.11382113365857366,-0.08039473684210521
Yes,2,Intact,-0.056374999999999995,-0.06271428571428571,-0.06595000000000001,-0.06865384615384616,-0.06947058823529412,-0.07155999999999998,-0.05168999999999999
Yes,3,Intact,0.44278108470272937,0.22426496985317806,-0.018201207655306532,0.08897981624747421,0.026100347739692005,0.011981184283342555,0.017780104606617688
Yes,4,Intact,-0.047816006600660065,-0.04925514128072229,-0.052041027953110906,-0.05099929471720435,-0.05157505197505197,-0.012409206295481472,-0.022990102203066087
Yes,5,Intact,-0.08419999999999998,-0.11012500000000001,0.06627272727272727,-0.11964285714285713,0.1495,0.022961538461538443,0.03845098039215688
Yes,6,Intact,0.3019087732638135,0.13928527465763965,0.023383355916892484,0.03334917000572409,-0.025654804270462635,-0.0075755573905863,0.0022080394922426062
Yes,7,Intact,-0.09388345960670809,-0.11317419070689276,-0.11670548801486998,-0.04914375561545372,-0.04523593751119197,-0.03731501130631413,-0.0330096218539417
Yes,8,Intact,0.2536048901871686,0.0987698380971417,-0.013770401106500761,-0.03578578668509559,0.029686402081977873,0.015856793585733338,0.02089350947243226
Yes,9,Intact,0.12914643254409663,0.027050808314087755,-0.034653067780276256,-0.024851110416015024,-0.09777809101892872,0.0543007299640087,0.014478571132224217
Yes,10,Intact,0.0760372049825175,0.1032972156641062,-0.06076774079943653,-0.01842510038395029,0.019432556526237824,-0.023901171754548253,-0.008650880238036217
Yes,11,Intact,0.073875,0.009571428571428574,-0.016799999999999995,-0.02800000000000001,-0.06744117647058824,-0.030320000000000014,-0.011659999999999997
Yes,12,Intact,-0.04609486166007905,-0.05075792507204611,0.05283542039355992,0.02571270883054893,0.008443479129219097,0.02911404485446158,0.02542561263972486
Yes,13,Intact,0.1834516568315933,0.26393865802011646,0.030272097625329824,0.10550800681431005,-0.037027432024169186,0.05379878384833009,-0.0037197758206565235
Yes,14,Intact,0.07200000000000001,0.07635714285714285,0.036,0.045923076923076914,-0.014529411764705876,-0.009620000000000005,0.017539999999999986
Yes,15,Intact,-0.03280580511402902,-0.03164726477024069,-0.034337793272401766,0.0037331751144261726,-0.0038938821149033685,-0.01636730123180291,-0.00539342777858916
Yes,16,Intact,-0.07207244785949507,-0.09230622009569378,0.04409326424870467,-0.1328127458693942,0.02656101099073442,-0.030023680930619034,-0.0006655099026995736
Yes,17,Intact,0.031380370125578316,-0.02514982088024565,-0.08793435680254104,-0.059412011807447776,-0.04286243900883375,-0.004259065733096464,0.044484607414868794
Yes,18,Intact,-0.0455,-0.06357142857142856,0.1318,-0.0626923076923077,0.049411764705882356,-0.03128,-0.013040000000000003
Yes,19,Intact,0.10141025641025642,0.10223575456053068,-0.16568593568102447,0.06517931556632346,-0.04609969726565748,0.00628208747871293,0.001934109592419953
Yes,20,Intact,0.12663505154639174,0.02860000000000001,-0.090896509491733,0.005645316253002407,-0.10448266795820936,-0.05851018099547512,-0.06144211477682906
Yes,21,Intact,-0.07510263720598717,0.029472277227722787,0.011599107889601338,-0.010887852542749368,-0.13098433123492054,-0.02705563317667979,-0.006818596362492786
Yes,22,Intact,0.0556847181008902,-0.038414183366213266,-0.0046023329798515695,0.046277750062359714,-0.0181517016910776,0.055789339248893725,0.015193440354776511
Yes,23,Intact,-0.10493641671950962,-0.13120822287208359,0.06516728739913098,-0.051245512497903024,-0.06364838793455274,-0.024655026256021503,-0.038528004483880884
Yes,24,Intact,-0.0807136294027565,-0.039143906020557985,0.20514229740242493,-0.04131627906976744,0.15081248857766708,0.024634068599796922,0.04027006265043327
Yes,25,Intact,0.15230917205293934,0.025413634226610235,0.03496644801327,0.039791979010494735,-0.0010026221229484386,-0.031818092234923136,0.05482853379019718
Yes,26,Intact,-0.03991747936984246,-0.0522077922077922,-0.04800677233429396,-0.05484451070485875,-0.02073649428207627,0.0069300395256916975,0.003922326479131645
Yes,27,Intact,-0.054584484924623124,-0.058255463673951575,-0.06328694378318987,-0.06875619276384927,-0.009206472318801813,0.008971550334024426,0.04802893511639426
Yes,28,Intact,-0.11268036192410674,-0.04860907355305467,-0.12868481630580345,-0.04699611734253667,0.041691383136094676,-0.03326748496397307,-0.020601134392774275
Yes,29,Intact,-0.09033222907272782,-0.06540066343912497,0.1429456328525835,-0.05052440387481371,0.015568257491675914,-0.020822161396376618,-0.011592021169214947
Yes,30,Intact,-0.06132743362831859,0.07136330935251799,-0.07946641241223888,0.07268959723820483,0.08726770519701554,0.0477566173171826,0.0016078986596478606
Yes,31,Intact,-0.03371428571428572,-0.03830769230769231,-0.035789473684210524,-0.03736,-0.03842424242424242,0.044367346938775504,0.023010101010101015
Yes,32,Intact,-0.09490299266361589,-0.12569107315057168,-0.0111328596802842,-0.14554061467553125,0.036021308473447665,0.010043850658857979,0.002623723869713218
Yes,33,Intact,-0.003555555555555559,-0.007102040816326538,0.13509433962264147,0.12189473684210522,0.13428571428571429,0.3007123287671232,0.4237757009345794
Yes,34,Intact,0.6087777777777778,0.39733333333333337,0.017714285714285714,0.2544444444444445,0.0033317373660701304,0.12974509803921572,0.05953323930693287
Yes,35,Intact,0.0,0.0,0.0,0.0,0.0,0.0,0.0
Yes,36,Intact,-0.08879999999999999,-0.11524999999999998,-0.11363636363636366,-0.04657142857142857,-0.07316666666666667,-0.09526923076923079,-0.07984313725490197
Yes,37,Intact,0.32406168748406833,0.2033168378912844,-0.09048266576910131,0.054960642744693554,-0.03968348195378358,-0.024596640537514012,-0.03861572064863536
Yes,38,Intact,-0.3763636363636374,0.020676816710797272,-0.1667008381550551,-0.0796825332327161,-0.16700168682600852,-0.10696871297518702,-0.127314270850008
Yes,39,Intact,0.0,0.0,0.0,0.0,0.0,0.0,0.0
Yes,40,Intact,0.06309963099630995,0.0071632183908045925,-0.06543534265277653,0.12840096936771392,0.0727743908088576,0.07160153913577,0.0476110639313213
Yes,41,Intact,-0.04625410374261325,0.031030232841643295,0.20550973210978973,-0.011372360293061335,-0.06302241297091081,-0.030504067543203905,0.03555727215404885
Yes,42,Intact,0.0,0.0,0.0,0.0,0.0,0.0,0.0
Yes,43,Intact,0.0,0.0,0.0,0.0,0.0,0.0,0.0
Yes,44,Intact,-0.0607423935091278,-0.0819204334365325,0.1603448275862069,-0.08876790009250693,-0.019973375097885673,-0.09736124663945037,-0.01609141453764026
Yes,45,Intact,0.11357142857142857,0.046538461538461535,-0.03594736842105264,0.003120000000000003,-0.03439393939393939,-0.014571428571428575,-0.0059090909090909185
Yes,46,Intact,-0.07970496894409938,-0.166111111111111,0.06353932584269636,0.029215053763440822,-0.013561295345306132,0.06027996926676795,0.009259906322011823
Yes,47,Intact,0.0,0.0,0.0,0.0,0.0,0.0,0.0
Yes,48,Intact,0.15315438541828946,0.06165189492680971,0.0011783023606227823,0.09267181371022974,-0.0190343084145901,0.02098339920948617,0.042906883686764236
Yes,0,8B,-0.04901616541353383,0.01034451950315973,0.015828506698187552,-0.025629496402877698,-0.10053266789836121,-0.025697585768742048,-0.04205882535845018
Yes,1,8B,0.1506398858075041,0.031246823379923766,-0.08543758967001436,0.10952380952380945,-0.021804870605468773,-0.0230365274203128,-0.08623747191804855
Yes,2,8B,-0.043399999999999994,-0.06505066404328577,0.14555555555555552,-0.08092534676208146,0.06675103995966217,-0.037736842105263166,0.013155941943096619
Yes,3,8B,0.3610797013942255,0.3255779016234553,-0.05729267418950385,0.18922381878157996,0.02937442502299908,0.0865257199933411,0.0460762236018146
Yes,4,8B,-0.018,-0.03159172154280339,-0.03742857142857143,-0.030565503395839563,-0.03022515067444753,0.022529411764705885,0.023295168526224427
Yes,5,8B,-0.032,-0.04966666666666667,-0.05175,-0.05719999999999999,-0.05766666666666665,0.046222222222222234,-0.009588235294117647
Yes,6,8B,0.09356982619240098,0.025385348631950584,-0.07987538774718884,-0.00872909698996657,-0.09518442384716266,-0.056633374604484796,-0.03368095139455821
Yes,7,8B,-0.043698630136986306,0.042371540047114256,-0.07640737148399612,0.003147461673787378,-0.005523468575974542,-0.04126233766233765,-0.014568514412416847
Yes,8,8B,0.20523604694386913,0.19404684178439843,-0.03233056668574699,0.08343392498219421,-0.009631386040357263,0.06896103836801791,-0.0474514594611103
Yes,9,8B,-0.03777257889009793,-0.05852356175142352,-0.06438090109495602,0.009612676056338032,-0.07425799984798387,-0.02732869318181818,-0.025995551900901154
Yes,10,8B,0.354,0.4651109443337388,-0.06833333333333333,0.26567703564462497,-0.08583040603651947,0.1721578947368421,0.07051795698555895
Yes,11,8B,-0.030416438356164383,-0.04973851590106007,0.08513687359760658,-0.058575175943698016,0.036387197501951574,0.047587044218306736,-0.010933069011377508
Yes,12,8B,-0.03725,0.2605932621199671,-0.05024999999999999,0.13395331216625775,-0.058780755163958275,0.04711111111111112,-0.011469055257181988
Yes,13,8B,-0.06893701083684527,0.09080076962326729,0.03598583234946871,-0.0022451091045899265,-0.029932410685548756,-0.05654792945787066,-0.017380432902736574
Yes,14,8B,0.015594339622641501,0.17504984571564206,-0.11656286919831223,0.047949328713728895,-0.05827589456223256,0.05007225433526015,-0.030044117487237693
Yes,15,8B,0.46495670036519104,0.8823517959352556,0.0263691703485518,0.4672291114949146,0.1308110678899083,0.28727792668406255,0.08621381451019455
Yes,16,8B,-0.0747807486631016,-0.09748888635586458,-0.10350833132093697,-0.11455910987482613,-0.12141469528434903,-0.12993414985819088,-0.10469504392013618
Yes,17,8B,0.1282346688470973,0.024065550906555083,-0.09397684993799091,0.10153092890503372,-0.04307340529627269,0.05243245458066916,-0.015056557368335511
Yes,18,8B,-0.041576560659599526,-0.04783717774762551,0.09487833252544835,-0.05347097722263041,-0.04785579835918886,-0.054104380338770346,0.0073949539781359005
Yes,19,8B,0.05887500000000002,0.3229166666666667,-0.11,0.13820000000000002,-0.041014698115580145,0.03868644740819686,-0.019762522034940035
Yes,20,8B,-0.029200000000000004,0.1902222222222222,-0.036461538461538455,0.08270588235294117,-0.03769651855356803,0.02773584905660377,-0.005300027098802237
Yes,21,8B,0.36328571428571427,0.6541818181818182,-0.09146666666666667,0.3258421052631579,-0.01063859960400114,0.19594555954783352,0.0453397620694957
Yes,22,8B,-0.0784,-0.12485714285714285,-0.1362222222222222,-0.15509090909090908,0.1371111111111111,-0.07308108108108108,0.03918840579710144
Yes,23,8B,0.18197620137299775,0.24713377977322887,0.038633127225032794,0.09562503807493147,0.0426372490080558,0.05346184610762703,0.022335325156375593
Yes,24,8B,0.05910057773109244,0.5262061547691448,-0.09999878593628594,0.25729697928752776,-0.02424370734487426,0.11224770901319177,0.02794381877380855
Yes,25,8B,-0.05532355046528275,-0.07238530205522109,-0.07548320413436693,-0.07937807715860379,-0.08195015090372683,-0.08411874136812153,-0.028195197521301306
Yes,26,8B,-0.032,-0.03666666666666666,-0.03461538461538461,-0.03458823529411765,-0.034956521739130435,-0.03727272727272728,-0.006328358208955215
Yes,27,8B,-0.07082857142857142,-0.09161073825503356,-0.09515422885572139,0.048969758473716256,-0.0276987766561936,0.001755939873929208,-0.0015432052965013124
Yes,28,8B,-0.09462547947441444,0.011024716395208814,0.06846306169078445,0.008260226191734504,0.11037647553946098,0.1585845781129429,0.06353616410541542
Yes,29,8B,-0.07325000000000001,0.07083333333333335,0.020874999999999994,-0.020000000000000018,0.030769230769230778,-0.0698888888888889,-0.020885714285714282
Yes,30,8B,0.22714285714285715,0.737909090909091,-0.08613333333333333,0.3803157894736842,0.06705889092575619,0.18745130053783976,0.04520159225192146
Yes,31,8B,-0.0224,-0.029222222222222226,-0.03461538461538461,-0.037000000000000005,0.05292828706808887,-0.03412714955706097,-0.0056679307625877706
Yes,32,8B,-0.09280000000000001,-0.11885714285714286,-0.1402222222222222,-0.14745454545454548,-0.16642857142857145,-0.17357894736842105,-0.18794444444444444
Yes,33,8B,-0.10007762682740197,0.028356608338490973,-0.1041195947901592,-0.00788730356496927,0.11455602675354894,-0.0035470215654159524,0.1272695026547871
Yes,34,8B,0.07232510288065844,-0.0011552238805970306,-0.1000957042665108,-0.04955047383601155,-0.10907855345881849,0.056493367795789486,0.024078962629835398
Yes,35,8B,-0.07,-0.09483333333333333,-0.10825,-0.114,0.04248,-0.1265142857142857,-0.014776119402985094
Yes,36,8B,-0.05686328460877042,-0.08292318130863177,-0.08302277458835405,0.017386021160628398,-0.09865759275338512,-0.03885440274898001,-0.07415736869438906
Yes,37,8B,0.03769179389312977,0.1462250922509225,0.0028684210526315813,0.02298033446887581,-0.05508898802535806,-0.02392278393285508,0.008126858626386986
Yes,38,8B,0.22385714285714284,0.18754545454545452,0.17706666666666665,0.06621052631578947,-0.008948198899615898,0.01668184539148306,0.015036568104463943
Yes,39,8B,-0.04933333333333333,-0.0552,0.22428571428571428,-0.07200000000000001,-0.06333333333333332,0.048235294117647064,-0.012117647058823518
Yes,40,8B,0.6146666666666667,0.3436,-0.05342857142857142,0.3791111111111111,-0.064,0.16894117647058823,0.04794117647058825
Yes,41,8B,-0.047,-0.053200000000000004,0.08414285714285714,-0.0641111111111111,-0.06408333333333334,-0.011941176470588228,-0.013029411764705867
Yes,42,8B,-0.08293002481389578,0.027114369501466284,-0.019248606465997777,0.03874781919111817,0.007167912839136937,0.11246204118854014,0.03143957436027364
Yes,43,8B,0.0,0.0,0.0,0.0,0.0,0.0,0.0
Yes,44,8B,-0.05975693018480492,-0.08098538367844092,-0.08679272727272726,-0.04116380449141346,0.07325604839774918,-0.040635739657612906,0.07733452056192967
Yes,45,8B,-0.0715,0.23491666666666663,-0.106,0.08424999999999999,-0.04448978850207139,-0.013701220898139396,-0.07756055623721879
Yes,46,8B,-0.057316446911866756,0.11190364826941068,0.07111248863542441,0.1262214443272274,-0.08068694906534044,0.088531452932137,0.0006786786786786887
Yes,47,8B,-0.053675572519083975,-0.062046814501935936,-0.07459605986560781,-0.07728042870456663,-0.08221281775711181,-0.08590982227881828,-0.08792478465482173
Yes,48,8B,0.18356442831215972,0.43429114028229293,0.022810354857475283,0.3056445255934018,-0.03498572331017056,0.17060395805625472,0.08431835752942189
Yes,0,2B,-0.05235913978494623,0.003674220129487951,0.07965814808010288,-0.0032692883895130936,-0.004085831242572248,-0.05249410978868107,0.020749475890985334
Yes,1,2B,-0.05253895773213377,-0.0007560137457044607,0.0357569904871721,-0.06562404761904762,0.18632893366810518,0.07109123781866923,0.09139469753547423
Yes,2,2B,-0.05432426347613534,0.030581151832460744,0.17920474576271184,0.034332927818329285,0.05445683585462036,0.13441245256718037,0.021667677789012487
Yes,3,2B,-0.04132823871906842,-0.06406850618458612,0.12467617007251153,-0.07954309806371018,-0.008695875969950834,-0.039063276067358384,0.04358988241058306
Yes,4,2B,-0.0479890988372093,0.03981107491856678,0.03803445674044266,0.09791169211079624,-0.025731120917114,0.0010534732633683099,-0.02726874300207938
Yes,5,2B,-0.051480012524788635,0.0035593248386562876,-0.01110809978441636,-0.05901822879288072,0.0469115200471966,-0.018091382617417773,-0.04480794295951357
Yes,6,2B,-0.044242925555071824,0.05459257856872396,-0.07860732790525538,0.0005074257425742579,0.05010652432878218,0.006265380974917177,-0.000349379652605463
Yes,7,2B,-0.04517879948914432,-0.06285784960422164,-0.0798877269779507,-0.09270904062559604,-0.0986726659167604,-0.0004349315068493223,0.024326374164084164
Yes,8,2B,0.08174059420722604,0.1151835888969491,0.06449354903323869,0.09265317215641732,0.033658711293260514,0.23136119272768652,0.11468575948572436
Yes,9,2B,0.15482218725413063,0.1922159916926272,0.01926588235294117,0.07481832364203657,0.012075592994901383,0.08521039137640408,0.06715808079492057
Yes,10,2B,0.034934475204142605,0.059932824562960334,-0.1142816878853391,0.168782023394213,-0.09236609995575258,0.028462191780821922,-0.006187766760785325
Yes,11,2B,-0.039038988408851415,0.11271609833465505,-0.06328718932748538,0.030857142857142857,0.008222898683512562,0.03330465949820788,0.003242774566473962
Yes,12,2B,-0.04591944327288064,-0.06793744278303326,0.03135001702417433,-0.08750125817815803,-0.02878123916464407,-0.050544133531357595,-0.027846725956241134
Yes,13,2B,-0.08526693227091633,-0.13615266666666667,-0.06739053850025165,-0.09179981574098446,-0.06149931332156167,-0.010104893210527838,0.035706086174518
Yes,14,2B,-0.10340959347187281,-0.07000821552456324,0.12854605005351596,0.25419928184790175,-0.028867946903526127,0.19107344684485064,0.029985651091293492
Yes,15,2B,-0.09043478260869565,0.13552639087018545,-0.06872099381835475,0.08910660050476964,-0.1214742525773196,0.04674675610292501,-0.06466398768352961
Yes,16,2B,-0.08221052631578947,0.008896595609290495,-0.051931176875430134,0.00557929613317709,-0.1169626531115475,0.04358514217853134,0.02374553593799589
Yes,17,2B,-0.08319712230215827,-0.12106688541140838,0.09083455344070276,-0.15624333280732208,0.056523969018212265,-0.1243448612921244,-0.025964295090574963
Yes,18,2B,-0.04111566265060241,0.15482378854625553,-0.046089832869080784,0.1789281402424301,0.1192356627270564,0.0669272969374168,0.03469415055564014
Yes,19,2B,-0.08461730887386991,-0.0325445026178011,0.22528956497564395,0.08916188289322617,-0.001173338729855021,0.033221782780651035,0.07797157765102414
Yes,20,2B,-0.06612581244196843,-0.08083057344372892,0.16254341940857975,-0.09032821185629189,-0.015109467320807441,-0.04215299511481491,-0.046084515916333946
Yes,21,2B,0.21279731418384182,0.18065659565407421,0.1946918799121709,0.25828508977203446,-0.053593424076365574,0.2140565658484086,0.07344350565534145
Yes,22,2B,-0.09525251846877099,-0.1425032730809582,0.015526423807080556,-0.19126065146728233,0.03837848126167231,0.062434599833209946,0.044406204181332835
Yes,23,2B,-0.08335295572594607,-0.11803310197544047,-0.01223143683702984,-0.15111336892655192,-0.16275603765750135,-0.17485447442314736,-0.07717050565879705
Yes,24,2B,0.089625,0.18835,0.04508333333333331,0.2045181798497643,-0.018867461206935825,0.21689993837640312,0.030050302569119877
Yes,25,2B,-0.059142857142857136,-0.078,0.048666666666666664,-0.09294736842105264,-0.09952000000000001,-0.09908571428571428,0.01084057971014494
Yes,26,2B,-0.042666666666666665,-0.057999999999999996,-0.05657142857142858,-0.05977777777777778,0.09816666666666665,-0.06988235294117648,-0.012117647058823518
Yes,27,2B,-0.0665,-0.09566666666666665,-0.106125,-0.013052307320608844,0.03364977547427351,-0.06925928349010416,-0.018050424509108216
Yes,28,2B,-0.09018209599137156,-0.01101363314447591,0.04465925786400451,0.07270630591315734,0.07568001094447391,0.1448384428549572,0.08967515591694955
Yes,29,2B,0.15631490159325212,0.05688129653964082,0.02220867794884845,0.07235749179547561,0.0118799913662854,0.03160794930532828,0.008080273270708833
Yes,30,2B,-0.08213616783663051,-0.1282025620496397,0.7368382838283696,-0.16394663887441377,-0.033353452730735686,-0.12938253901307462,-0.011658668048717248
Yes,31,2B,-0.026400000000000003,-0.03466666666666667,-0.03630769230769231,-0.03741176470588236,0.14278260869565218,-0.03551515151515152,0.02310447761194031
Yes,32,2B,-0.09095997319361519,-0.013095456440183383,-0.012371948513093705,0.04037670886075948,0.03282536621943714,0.08959638731570502,0.05806210019918932
Yes,33,2B,0.08089428067394475,0.14749928165642723,0.1285066420803071,0.22829933717106526,0.04307672464764043,0.25191771074543773,0.2180232396092374
Yes,34,2B,-0.07704450537861211,-0.11430492957746478,-0.017021767810026366,-0.1470282510243692,-0.010138826185101589,-0.16417014422817794,-0.010545313992087654
Yes,35,2B,0.0,0.0,0.0,0.0,0.0,0.0,0.0
Yes,36,2B,-0.04933333333333333,-0.0582,-0.05985714285714285,-0.061555555555555565,0.019000000000000003,-0.06752941176470588,-0.040382352941176466
Yes,37,2B,0.034288574793875155,-0.041745203635139706,-0.0877319708029197,-0.13012240751307907,0.10167608159303251,-0.10435107098475362,0.041940865564988834
Yes,38,2B,0.022748792750823768,0.2504092619985647,0.2320272364021854,0.2932360483428767,-0.06821558195649151,0.41504858017710244,0.17641036648289718
Yes,39,2B,0.0,0.0,0.0,0.0,0.0,0.0,0.0
Yes,40,2B,-0.08,-0.10400000000000001,0.1495,0.0838,0.18261538461538462,0.20911111111111108,0.09194285714285716
Yes,41,2B,-0.06247883466135459,-0.08582461918484974,0.03138051550895587,-0.10474481949069304,-0.02894993094789706,-0.11354307536943974,-0.03123589622496228
Yes,42,2B,-0.08314097981497055,-0.11547530587884214,0.31281566647333764,-0.1417714893414767,0.06412700923610756,0.04274468908864426,0.07148370188040865
Yes,43,2B,-0.0244,-0.03177777777777777,-0.029538461538461538,-0.030875000000000003,-0.03409090909090909,-0.0355,-0.0369375
Yes,44,2B,0.10373087368351327,0.2769689244902255,0.04711680000000001,0.18564208219606923,0.1602513017397023,0.10702402396238231,0.04695920473320181
Yes,45,2B,-0.04635303643724697,-0.05710344827586208,-0.06018471117260463,-0.06552189349112426,0.020093831450912248,-0.0698439762360809,0.018561392304007676
Yes,46,2B,-0.06325,0.07066666666666667,-0.106875,-0.017199999999999993,0.030230769230769224,-0.07261111111111111,-0.04945714285714285
Yes,47,2B,0.0,0.0,0.0,0.0,0.0,0.0,0.0
Yes,48,2B,-0.08725044973016191,0.18970357388087802,0.07040751225283082,0.04865812865733898,0.215602235734139,-0.0064064070536989535,0.047013927592879236
Yes,0,1B,-0.04683333333333334,-0.06925,0.011999999999999997,-0.09658333333333334,0.09359999999999999,-0.01259999999999999,0.03583783783783783
Yes,1,1B,-0.052461111111111104,-0.09465447696513102,0.014503199534613131,0.05626098223099701,0.06610739702393792,0.08116931747581432,-0.012712749220515449
Yes,2,1B,-0.04893905093600348,-0.0745219408224674,0.005765624999999997,-0.02628636634252828,-0.11715323153550816,-0.02525742228431715,-0.006998636806231729
Yes,3,1B,-0.04845838287752676,-0.06642684259837602,0.028202890494719277,0.0003722716248989494,-0.029467122567069962,0.002322872545244501,-0.005072146354032437
Yes,4,1B,-0.040993993993994,0.11036158329286061,0.0442532369768142,0.12665171348727752,-0.0027205801358545934,0.030432821768195086,0.027663726778007144
Yes,5,1B,-0.04765022421524664,-0.07411821086261981,-0.09129519041659215,-0.02674941303071805,-0.11242880870323466,0.02224604221635884,-0.005152584215975122
Yes,6,1B,-0.03813336933045356,-0.055841222182974215,0.04607253886010363,0.02234143049932523,-0.07355658799479652,0.024972666105971413,-0.000449029126213568
Yes,7,1B,-0.05279207920792079,-0.08029308323563891,-0.009305998481397128,-0.03879605104743559,0.003183063303824981,-0.041630154106284636,0.030793192853438945
Yes,8,1B,0.06449493483030068,0.007062618956985161,-0.03858287029146072,0.013056139428971816,0.07867197684043273,-0.01303426510369706,0.00939740248763934
Yes,9,1B,-0.0345,-0.04883333333333333,0.06825,-0.05749999999999999,0.015538461538461536,-0.009555555555555552,-0.011314285714285699
Yes,10,1B,-0.052764370664023785,0.03207170693686672,0.07426664112108607,0.11262839228239266,-0.010866796621182577,0.04292196510826592,0.014127814088598416
Yes,11,1B,-0.04384227892652882,-0.06698607242339834,0.015268924302788839,-0.004816277195809824,-0.029431779070720327,-0.04906919757672743,-0.05808339853132933
Yes,12,1B,-0.050333333333333334,-0.07075000000000001,0.009799999999999994,-0.09616666666666666,-0.03479999999999999,-0.11600000000000002,-0.047027027027027005
Yes,13,1B,-0.08917458644177749,-0.12857366287512104,-0.0340962125839951,-0.16543065876862323,-0.03933043370639511,-0.04055777568800492,-0.024638004218672356
Yes,14,1B,-0.1033385289265601,-0.0800994581946495,0.0994621442880272,-0.10619307367687482,-0.04335358046275055,-0.17878956874016486,-0.16378418043452733
Yes,15,1B,0.1151,0.0255,-0.1418888888888889,-0.06140287154308244,-0.014397877984084904,-0.07005357191177589,-0.05162754124281171
Yes,16,1B,0.07318068751079633,-0.012418230223123723,-0.07492874065974121,-0.022224215246636786,-0.14717324264596426,-0.029049250218985703,-0.011888620790349453
Yes,17,1B,-0.08962583724690122,-0.043159955054550725,-0.0893177698998028,0.040880195496942454,-0.15059241769981413,-0.04265073025353521,0.008833133253301359
Yes,18,1B,-0.049032258064516124,-0.07089157917291622,-0.07588498601181225,-0.0817576694411415,-0.08122677336226775,-0.08657653069447353,-0.05770366991499066
Yes,19,1B,-0.06152730950775455,-0.08284425531914894,0.023077033218785792,0.007883512544802853,0.048584235753594884,0.05491204754186926,0.023729726547867525
Yes,20,1B,-0.04147982062780269,-0.049065205479452055,0.08605250743513485,0.03151515151515151,0.18870362287210823,-0.008226514951045243,0.018130821559392992
Yes,21,1B,-0.10428941463830271,-0.009471203661787666,0.08254809595583562,0.17844524067535913,0.11324578692635143,0.23959301932429977,0.1048371041637234
Yes,22,1B,-0.09236842105263159,0.10992045044890393,-0.05515000333044696,0.05015940312229276,0.08382380099567882,0.11173557417459137,0.06480342530452221
Yes,23,1B,-0.09913953488372093,0.1268494382022472,-0.16875899400399733,0.06449639477242,-0.1472720660507175,0.12767833001280776,0.016628905552579988
Yes,24,1B,-0.008441674221819283,-0.04084665226781862,-0.1148216523675534,-0.038226617820613686,-0.06354305990142542,0.12773199413212183,0.03886421160136769
Yes,25,1B,-0.07712139807897544,-0.10955332972387657,0.11558578290105666,-0.13546514939960905,0.07858421133466438,-0.046232576617480155,0.03312203362561343
Yes,26,1B,-0.044120930232558135,-0.045625641025641026,-0.0493219895287958,-0.05057156843548071,-0.04732186281257169,-0.050051521232170944,-0.024218824265165723
Yes,27,1B,0.06959895833333332,0.15807679675425038,0.17941184052242656,0.3900829631517624,0.03710868992179948,0.18119344231194862,0.09838541536148356
Yes,28,1B,-0.08468223431073371,-0.12379061801227459,0.07240886314531329,-0.06854810169111882,-0.032396268023748905,-0.13669433641907874,0.013738109422141948
Yes,29,1B,-0.0879941336385749,-0.13347439128966038,0.16056832714521452,-0.17249693589770776,-0.19355346534653464,-0.15841776497291984,-0.09502856198675405
Yes,30,1B,-0.09378105041701107,-0.13792058925077685,-0.06251763467274964,-0.10260620578657784,-0.06985830088069225,-0.06555206404331106,0.05368780338020244
Yes,31,1B,0.0,0.0,0.0,0.0,0.0,0.0,0.0
Yes,32,1B,0.07457191700070738,0.12054974424002751,-0.15723861768573308,0.089558839057147,0.09408243878729632,0.023756116207951167,-0.02187309589919166
Yes,33,1B,0.07044377830218762,0.07472373336590715,-0.008568129330253926,0.045486280689137064,0.26707366190654863,0.1988940860706666,0.13430842301290838
Yes,34,1B,0.1144,0.30414285714285716,0.3068888888888889,0.11954545454545457,0.05007142857142858,0.19289473684210526,0.08261111111111115
Yes,35,1B,0.0,0.0,0.0,0.0,0.0,0.0,0.0
Yes,36,1B,-0.059,-0.07881818181818182,0.18106666666666665,-0.09017646640656689,-0.015086562344759066,0.0769694909626591,0.014618911443504757
Yes,37,1B,0.07466666666666666,-0.00687500000000002,0.03549999999999999,-0.015166666666666662,0.06340000000000005,-0.07214999999999998,0.024216216216216262
Yes,38,1B,0.1707385993485342,0.06507489269327545,-0.05204257543028358,0.06042743025548983,-0.1499452994603672,-0.02405587542481397,-0.06562526444669048
Yes,39,1B,-0.058678870292887035,-0.07930774647887323,0.05735795887281036,-0.08821775957690477,-0.024795527177776742,-0.09679688681946763,0.0019369529860686402
Yes,40,1B,-0.07632861806311206,-0.1037923204725863,0.005056888279643605,-0.12649906816513243,0.17213989108975336,-0.08642679900744417,-0.005819307832422561
Yes,41,1B,-0.04985221674876847,-0.07583792650918635,0.15362636627258533,-0.09243861707889511,-0.017096408839778993,0.0640736096769435,0.04275166613162121
Yes,42,1B,-0.08027791788560476,-0.1358385980894229,-0.15671759650479153,-0.17773015195621283,-0.04559486841285526,-0.059388410063696835,-0.06672449677054525
Yes,43,1B,0.0,0.0,0.0,0.0,0.0,0.0,0.0
Yes,44,1B,-0.08821036193275768,-0.010310344827586304,-0.05348949932340999,0.08689310658973579,0.14732876712328768,0.14557959409594096,0.09202996084605937
Yes,45,1B,-0.069875,-0.09433333333333335,-0.107375,0.09932480244892147,0.03609487923702736,-0.009620317950216409,0.026225071023731145
Yes,46,1B,-0.08152856706385579,-0.10358436093984334,-0.11766305936586462,-0.012606500956022946,-0.05440524421102169,-0.07802021317953291,-0.03362060173912244
Yes,47,1B,0.0,0.0,0.0,0.0,0.0,0.0,0.0
Yes,48,1B,0.18560197197716657,0.2060057607778715,-0.02592561543579507,0.23136595609286742,-0.08554291515893056,0.05172740496938896,-0.009299563149108543
No,0,Intact,-0.031142857142857146,-0.031538461538461536,-0.03757894736842106,-0.032400000000000005,-0.035151515151515156,-0.03506122448979592,-0.03575757575757576
No,1,Intact,-0.04076622137404581,-0.05017478346134989,-0.053715851786888834,-0.05078489032199464,-0.05115579615162796,-0.05314181698119765,-0.032276550269816094
No,2,Intact,-0.09987964713295525,0.058817302219692655,-0.05359814000891778,0.025715158741988355,0.06586064627349643,0.04469848075309908,0.005549103020175399
No,3,Intact,0.1866423263327948,0.0685562550858709,-0.07637605177993528,-0.012541401273885346,-0.08186416125725998,-0.04604432530922597,-0.05766788433657918
No,4,Intact,-0.0768825001804012,-0.14528625999807765,0.023148810911634423,-0.07296455136366681,0.1122900182810988,0.06976292876337531,0.11021508131461993
No,5,Intact,0.030263444520081693,-0.01914758269720102,-0.09445879652872409,-0.05971015954520449,-0.043737106394175954,-0.062194085917934884,-0.04367106075787823
No,6,Intact,0.17739380081300812,0.2005756739811912,-0.07772908549163421,0.06956544296756621,-0.08404766078713204,-0.009032604526275414,0.02198966801085666
No,7,Intact,0.08270725806451612,0.01917744916820702,-0.052467447623338596,-0.0135554813521011,-0.05176025141781879,-0.03347939365229749,-0.0032959242933442425
No,8,Intact,0.22061476847967046,0.42574336611348157,0.32926753983741625,0.31127550609478,0.16920395258354,0.32330409891278383,0.28668776677765373
No,9,Intact,-0.028571428571428567,-0.032153846153846144,-0.03568421052631579,-0.03424,0.08775757575757576,0.046938775510204075,0.026161616161616164
No,10,Intact,-0.08324343133077688,-0.03491955835962156,0.050166748889985194,-0.07675982532751092,0.09153628383657338,-0.03749892838006786,-0.018029776674937756
No,11,Intact,0.19987496171516075,0.0834355828220859,-0.006696907216494839,0.04997688981660952,-0.010578888354957572,-0.021968267581475055,-0.005538703976845779
No,12,Intact,-0.0935448165781435,0.147316346073778,0.01390334572490705,0.17157146580936658,0.19851165010270347,0.1630086917720107,0.0523000315116895
No,13,Intact,-0.08164510641664688,0.02121673003802282,-0.10486730245887821,-0.03794203799654575,-0.11351340605379523,-0.07946515470229032,-0.09291865067582623
No,14,Intact,-0.06272395184723953,-0.08408628551385479,0.14355879821902948,-0.06009699394150217,0.15185143746794416,0.018871629065478766,0.013181486601479836
No,15,Intact,0.13982018288342551,0.20343137054384067,-0.08958727728285079,0.05056029712726445,-0.01630170498106657,0.1025530726256983,0.015406045402391016
No,16,Intact,-0.08225317989097516,0.3825725794530672,-0.11297548130376266,0.2653097456882083,0.016885868811537946,0.07672989489540895,-0.03868843002357667
No,17,Intact,0.0,0.0,0.0,0.0,0.0,0.0,0.0
No,18,Intact,-0.062,-0.0706,-0.07876190476190477,-0.04796296296296297,-0.05463425497199805,-0.06625490196078432,-0.05937860927647416
No,19,Intact,-0.09294392746361249,-0.12382200746535765,-0.09557194635737587,-0.15147380156075807,-0.0038476591408155387,-0.13282589629587171,-0.06788387608974661
No,20,Intact,0.09084038997214483,0.2597679777512912,-0.10010445896598118,0.14076924414157568,-0.0769142808798646,0.04164361464256054,-0.038748943911863086
No,21,Intact,-0.10757152875943762,0.01962128795462131,0.10372070130540681,-0.024049471524657882,-0.01311759089618869,-0.06775168876821573,0.01146363849273797
No,22,Intact,0.17359128456841852,0.05949897225077082,0.03363479923518159,-0.012975919439579682,-0.03813307576242511,0.0594362853428664,0.035558432575737306
No,23,Intact,-0.016986459547899353,-0.057682198879122876,0.0317733212392642,-0.016116760643143813,-0.007322793303855372,0.009714183342047029,-0.01567916494624104
No,24,Intact,0.18475,0.22514285714285714,0.13579999999999998,0.08953846153846155,-0.008058823529411766,0.01052,0.05227999999999999
No,25,Intact,0.09759535779871752,0.225401484338966,0.026475178393309273,0.2362258701897916,-0.017718365733968358,0.3717900671863537,0.11743793691149818
No,26,Intact,-0.08123342541436464,0.10844675933851473,0.2619497005722069,0.07768844944997379,0.07276409240795301,0.08106218960221237,0.05108076541470151
No,27,Intact,0.6058209769980869,0.3137339219225995,-0.00033163265306122933,0.18336109207858492,-0.020497363589851627,0.06661378237504546,0.035224767336623365
No,28,Intact,-0.037078521939953805,-0.048578047325512026,0.0017709335899903646,-0.015056603773584904,0.009368384157027688,-0.03326925924482718,0.005608863790885916
No,29,Intact,0.003956728688879234,-0.012539182282793849,0.15913428327161194,-0.05711604395485666,0.112593427422796,-0.04792089966855533,0.11488642720511871
No,30,Intact,-0.09162125534950072,-0.11710270064126105,0.05116596251668835,-0.10332373172828892,-0.004658930791545791,-0.050088032979411876,-0.03703289789989466
No,31,Intact,-0.026000000000000002,-0.033555555555555554,0.27553846153846157,-0.03647058823529412,-0.03573913043478261,-0.03466666666666667,0.024238805970149255
No,32,Intact,-0.03957977528089888,-0.04321518151815182,0.05431991337730092,-0.014603250335470401,-0.0531629311599476,-0.032351522709647675,-0.023986117045509212
No,33,Intact,0.11411214953271029,0.20964603926878805,-0.107524028054377,0.06579595266908699,0.08789546440056462,0.021068097737245106,0.010899147079888065
No,34,Intact,-0.03264351523742027,0.04825907497455614,-0.03574355420016634,0.0028374076179647554,0.02678120521969138,-0.014572177494851154,0.02396881018458626
No,35,Intact,-0.055,-0.060000000000000005,0.23139999999999994,0.089,0.01820588235294117,0.02954,0.04707999999999998
No,36,Intact,0.0,0.0,0.0,0.0,0.0,0.0,0.0
No,37,Intact,0.013856561546286875,0.02490716538981522,0.04750000000000002,-0.051745522995523,0.008127873311107207,-0.0921680238271927,-0.021017657250726057
No,38,Intact,-0.09636510827767657,-0.136862917617763,0.10672555481286883,-0.13286715302700475,0.13883718326188954,0.0221075255869958,0.07070561467922598
No,39,Intact,0.22496656268811907,0.09482006718270776,-0.06671912832929781,0.010484321669736034,-0.03958034404587278,-0.009264502617801042,-0.011590097148229386
No,40,Intact,-0.10020374449339206,-0.13184359266362983,-0.07772852833034789,-0.0922819581678508,0.043355905511811,-0.09253276119464537,-0.0731848986617219
No,41,Intact,-0.028857142857142856,-0.03046153846153846,-0.03663157894736842,-0.03264,-0.036848484848484846,-0.034489795918367344,-0.035858585858585854
No,42,Intact,-0.10315626594116646,-0.13924450987608883,0.02365299134909536,-0.10261202491624544,0.07672070999887648,-0.033355170460980854,0.015170592819877194
No,43,Intact,-0.022691134829013283,0.04419379324242629,0.0881142472821892,0.18015696202531645,-0.0027973197568005254,0.22644669248102042,0.11151675265156476
No,44,Intact,-0.03065573770491803,-0.030763075547608404,-0.034931526123252975,-0.03427659574468085,-0.035101718840820396,-0.03585127266677757,-0.0057335674176229225
No,45,Intact,-0.057999999999999996,-0.0608,-0.05285714285714285,0.1588888888888889,-0.059666666666666666,0.05011764705882353,-0.010470588235294093
No,0,8B,-0.04086761710794297,-0.04965769476599673,-0.05468775391758559,-0.05839283790093746,0.03904998659876707,-0.009854408534672102,0.026439691251647295
No,1,8B,0.11953788224555,0.28979996601673674,-0.07903161554192228,0.15532540214477208,-0.09301146063718949,0.10521683833153131,0.02645649996216832
No,2,8B,0.20345134353923564,0.1937348570518436,0.05979725700655933,0.07962196198753964,0.04571545356660335,0.024726903827945356,0.004410708086769085
No,3,8B,0.16076122902270482,0.23083176918407194,0.04586434782608694,0.1145494565965057,0.16823674600257782,0.1347235112896307,0.058916604721956756
No,4,8B,-0.0575192211848357,-0.10784912400031808,-0.07208630987235039,-0.06205604136510826,-0.09246208723594751,-0.07637461057309147,0.01247987309293713
No,5,8B,0.15052563414306805,0.17871099229817083,-0.0838790985180066,0.078317331791016,0.04634310058921075,0.050906212188753734,-0.0014095951192456917
No,6,8B,-0.04551330798479088,0.0396187343358396,-0.08160976382944998,-0.010581088191959588,-0.09317555030680823,-0.00019088176352706149,-0.059151531087459304
No,7,8B,-0.03670748299319728,-0.05258030880288751,-0.052420111042566324,-0.0586476911067075,0.05138244580088398,-0.06427571963753963,0.01905968757805284
No,8,8B,-0.007763800683927691,-0.05429845496383953,-0.010368562419712724,-0.077206717344397,0.11553931986590302,-0.050495256787700345,0.17695050195015177
No,9,8B,0.0,0.0,0.0,0.0,0.0,0.0,0.0
No,10,8B,0.49286189597046076,0.7121314156525086,-0.0423178277320276,0.45120865608735905,-0.03993833801579166,0.17422321746829333,0.03994710927666052
No,11,8B,-0.03779695431472081,-0.04036518218623481,-0.04771192281185389,-0.05083252662149079,0.03384713783178765,0.0036748932130991965,-0.02404110363899188
No,12,8B,0.16984894814090018,0.048466781573174564,-0.12396862526687089,-0.023271812080536945,0.07532744420399856,-0.09409906933992072,-0.024180349932705222
No,13,8B,0.18567763599731366,0.29780521901211554,-0.08825910746812386,0.11837752509979438,-0.09699656239257477,0.014286859850555864,-0.016255961545683276
No,14,8B,0.12273040510079217,0.3257480068549289,0.2105763274336283,0.22463386677728533,-0.07857564094200535,0.09781748261284604,0.016010535722684776
No,15,8B,0.07785714285714286,0.6488181818181818,-0.08,0.32973684210526316,0.07127081062381285,0.18848324633106647,0.07512820424856222
No,16,8B,0.11172728934381285,0.5562585707925201,-0.1565694719471947,0.3627491936049365,0.09250012363096885,0.21330858322102425,0.025070472960241175
No,17,8B,0.0,0.0,0.0,0.0,0.0,0.0,0.0
No,18,8B,-0.06285714285714286,0.10236363636363636,0.048933333333333336,0.014526315789473684,-0.01816000000000001,-0.042800000000000005,0.04194202898550725
No,19,8B,0.09270467942323388,0.26530833836756607,0.14611859376783473,0.07760975609756096,-0.05668783510547334,0.09471673921727991,0.12009456137078743
No,20,8B,0.015322035819542036,0.1709862931345437,-0.12972146851985158,0.2253994311255587,-0.07963983421045578,0.10460484940226952,0.02229582399103141
No,21,8B,0.14501454400273772,0.04357750063629421,0.10569113797831237,-0.052697168609777606,-0.010554061784896998,-0.05481689538289399,-0.03932415934847276
No,22,8B,-0.04806645938593082,-0.06039732441471572,0.19742599742599742,-0.06583199263125575,-0.0673820658085267,-0.010796215552795396,-0.012556537645740346
No,23,8B,-0.09888423662282213,0.20431385969200688,0.10504908546556976,0.10085049768404455,-0.22764888123924298,-0.012460811808118085,0.04229398924559447
No,24,8B,-0.037383783783783785,0.14946015424164524,-0.04639087371772197,0.06529339407744875,-0.04910940151600861,0.00874410163339383,0.005650956534486555
No,25,8B,0.4079513196088834,0.3736916732464097,-0.1007135641897468,0.2494316237696322,-0.09356029488273158,0.2838723966215651,0.04028875916707199
No,26,8B,-0.07849177103819481,-0.11891751320601382,-0.1332373813632442,-0.1438625164130687,-0.010167150013182174,-0.11466506888660784,-0.009390976684722246
No,27,8B,0.21628571428571428,0.648,-0.08773333333333333,0.3293684210526316,-0.014880000000000004,0.1293714285714286,0.04034782608695653
No,28,8B,-0.04089665471923537,-0.048227683223341436,-0.05022222222222222,0.056855360379199776,-0.04864099378881988,0.007631152566123665,0.006949370762178177
No,29,8B,-0.048718430101577004,0.15028947689976663,0.6341415248309644,0.23242735437019618,0.185274903286181,0.1756418481962432,0.1563477466689197
No,30,8B,-0.07199792459356623,-0.10306373479182945,-0.1209663592709811,-0.11871645569620254,-0.13196438883541864,-0.1391165298489338,-0.03645892113635663
No,31,8B,-0.028399999999999998,-0.03111111111111111,0.12153846153846153,-0.031411764705882354,-0.036695652173913046,-0.0363030303030303,-0.006626865671641786
No,32,8B,0.3727999999999999,0.18844444444444444,-0.034769230769230774,0.08552941176470587,-0.034869565217391305,0.02509090909090909,-0.005910447761194022
No,33,8B,-0.0352,-0.02844444444444444,-0.024615384615384615,-0.03647058823529412,0.1373913043478261,-0.03660606060606061,0.023701492537313438
No,34,8B,-0.025599999999999998,-0.032888888888888884,-0.03538461538461538,-0.031058823529411764,-0.03339130434782608,-0.03345454545454546,-0.03677611940298507
No,35,8B,-0.05172149961744453,0.11162773266708308,0.05621743991056456,0.029867033831628635,-0.08173022388059703,0.030369172729722442,0.0010636277302944039
No,36,8B,0.0,0.0,0.0,0.0,0.0,0.0,0.0
No,37,8B,0.22063526170798897,0.26138063589606575,0.02096017983301221,0.0961822604790419,-0.11224168126094572,0.0010301492537313378,-0.031969875684161396
No,38,8B,-0.07855555555555556,0.043307692307692325,-0.12352941176470589,-0.04104761904761905,-0.07143367534413068,-0.09931223202027795,-0.050506036657570905
No,39,8B,-0.0312,0.18911111111111112,-0.03599999999999999,0.08341176470588235,-0.034956521739130435,0.02303030303030303,-0.006447761194029841
No,40,8B,0.2775173072600584,0.5105033214981102,-0.12859185325060699,0.25260595336315084,-0.004638624746566117,0.11677633869920472,0.03815986468075788
No,41,8B,-0.058571428571428566,-0.08509090909090908,0.1890666666666667,-0.09010526315789473,-0.013360000000000002,-0.043199999999999995,0.041014492753623205
No,42,8B,0.18,0.07375,0.025875000000000002,-0.013050000000000004,-0.12469815296888559,-0.07027202910266775,-0.020338084430322274
No,43,8B,-0.0892156319813725,-0.06522999172611194,-0.035858699736940995,0.016561085972850685,-0.03272669900129565,0.02209269899639929,0.04578988872185849
No,44,8B,-0.03757742782152231,-0.043373815839333085,0.2496844777705615,-0.050880993897122924,0.21118344214474236,-0.05124547192257822,0.038035847200946944
No,45,8B,0.21068991354466862,0.265595543285348,-0.09716371814092953,0.1025150195780492,-0.03314553658320799,0.11523277843071904,-0.004710365210048541
No,0,2B,-0.054311508691790376,0.24494320486815466,-0.007084989074648077,-0.056305951095981376,-0.09042529274004685,-0.05919469993968639,-0.05132479515732804
No,1,2B,-0.058499999999999996,-0.09857142857142857,0.06087499999999999,-0.03972222222222222,-0.08049304740406321,-0.01761538461538463,-0.09178571428571429
No,2,2B,0.02662288930581613,0.09715583292140387,0.0053752082639120635,0.11335855806274077,-0.04483334794040313,-0.008387096774193577,-0.08277203605948344
No,3,2B,-0.039498956158663875,-0.05835716706201288,0.06149537668637259,0.029354838709677422,-0.07352766595728315,0.03151531404375441,-0.025332310900244785
No,4,2B,-0.056438463959710417,-0.0948901716387413,-0.07366065896930442,0.20115333333333274,0.03998297067171238,-0.0077394366197183154,0.012792725598526697
No,5,2B,-0.050704316848281646,-0.07758736149028424,0.10444986555473287,-0.024854318418314248,-0.0515854510184287,-0.07816805665872385,0.022611247806187403
No,6,2B,-0.060506856829402086,-0.08906568039790841,0.2273733512026522,-0.006317457976997906,-0.0389213868783563,0.12851232849473054,0.04683954491957631
No,7,2B,-0.034007220216606494,-0.041059074299634596,-0.0401751012145749,0.05167965564114181,0.030783791956456003,0.008583267561168114,0.007919713831478534
No,8,2B,-0.011428571428571382,-0.001418744698897377,0.023067669172932764,0.12142843092008201,0.06648077514955915,0.15813843999674634,0.12242864888082854
No,9,2B,-0.038,-0.06685714285714285,-0.07488888888888888,-0.0769090909090909,-0.08815384615384615,-0.08947368421052632,-0.09839999999999999
No,10,2B,0.1072874086498143,0.14885735535802114,-0.01801484370086167,0.20330400280079358,-0.023539627715060605,0.13582683310190188,0.08486334612043182
No,11,2B,-0.06280812256809337,-0.07540930650964998,0.023992268041237105,0.02891307730611226,0.146393961482967,0.029464317000525615,0.02218176242077284
No,12,2B,0.08442237128011337,0.11571331528098153,-0.1766124953882425,0.08163565583538634,-0.15478749812727208,-0.023894415211791042,-0.03729987304213126
No,13,2B,-0.0957453264463703,-0.043196071553840754,-0.08224693100186621,-0.05925479472721443,-0.0473851552150095,-0.021612538651024537,-0.05698672654485025
No,14,2B,-0.08701218922317885,0.006530933240125837,-0.03643222344958182,0.022580121703853966,-0.032618379927384034,0.07617153089740097,0.020550386328735928
No,15,2B,-0.08459296965040339,0.02926579396698918,0.21240832507433102,0.2275985436859572,0.059873282990500924,0.16008699069949536,0.016500878747280966
No,16,2B,0.19848259984915192,0.4326941485797431,0.0076372549019607825,0.28303212216667806,-0.09188307117066617,0.293356222174218,0.06922129033766312
No,17,2B,-0.0248,-0.03155555555555556,-0.03415384615384615,-0.03294117647058824,-0.03391304347826087,-0.03660606060606061,-0.03665671641791044
No,18,2B,-0.07322946175637395,-0.08252394441475147,-0.0952920596288409,0.006486267718082899,-0.10867246191246295,0.0022968817858073655,-0.058965644551607
No,19,2B,-0.035111523792408,0.1834917325031572,0.140005672914642,0.13083404503815632,0.22199784028068664,0.1700212935293841,0.08427346407114872
No,20,2B,-0.09309574851549011,0.012494850080109898,0.22964639321074964,-0.09619676611250284,0.003619449701557737,0.07932806374583391,-0.029597668677305216
No,21,2B,-0.09125508067495995,-0.12885276564607961,-0.03588235294117647,-0.16139420123178425,0.03558007669831995,-0.08419486541618985,-0.04133888546700093
No,22,2B,-0.07748332974833298,-0.0964883881352035,-0.10532454098784584,-0.012876124486544165,0.02621891122208924,-0.07010539304358336,-0.016688405071354395
No,23,2B,-0.029279160186625196,0.09777332592386773,0.15153865017415227,0.22041688380942126,0.05486895428072482,0.32279689594867333,0.08117779392238897
No,24,2B,-0.04740704500978474,-0.05560638924908641,-0.05934626038781163,0.03461440393218517,0.028801596806387223,-0.005220972455938356,-0.009524532977359371
No,25,2B,0.10344828781366977,0.2530185397007859,-0.09037829521501883,0.18874387868138584,0.1380782724010959,0.37927745178813316,0.1325679952918654
No,26,2B,-0.08714866121234661,-0.13608467689081136,-0.15805586059363577,-0.17408835332411826,0.007338203294995336,-0.20792694431433603,0.01351226033801902
No,27,2B,-0.07938263895997544,-0.11166191978368634,0.09386376657286992,-0.14314986268065372,-0.008620791873244804,-0.10731003657169534,-0.03579666611319919
No,28,2B,-0.04032000000000001,-0.043553940321346594,0.08983177570093458,-0.04826817713697219,0.11666859691160812,0.008447552447552449,0.036466934925894916
No,29,2B,0.020426272577996736,0.13429710785981624,0.12266028932620876,0.27238069118577074,-0.08089238794059822,0.48090199162899894,0.1504404447881828
No,30,2B,0.25953409233078945,0.12436310100032269,-0.16055340197505746,0.09183850469911628,-0.053935422858686854,0.04194718178996017,-0.0347344922657074
No,31,2B,-0.0312,-0.02844444444444444,-0.035076923076923075,0.08376470588235294,0.05365217391304347,0.024848484848484845,-0.007641791044776117
No,32,2B,-0.04966666666666667,-0.058399999999999994,-0.059000000000000004,-0.06444444444444444,-0.06683333333333333,-0.009764705882352938,-0.04141176470588234
No,33,2B,0.0,0.0,0.0,0.0,0.0,0.0,0.0
No,34,2B,-0.03820065359477125,-0.0441350531107739,-0.049394449950445986,-0.04762865002115955,0.03592745047594548,-0.055631087606917186,0.007774379203243039
No,35,2B,-0.0699453743968547,-0.09487162122372061,0.17858823529411819,-0.11744450616426731,-0.04361144381575388,-0.12744816261396055,-0.049136804754072214
No,36,2B,0.0,0.0,0.0,0.0,0.0,0.0,0.0
No,37,2B,-0.08800000000000001,0.1376,-0.15431578947368418,0.17843478260869566,-0.18537931034482757,0.10933333333333334,0.054191780821917855
No,38,2B,-0.090694880970904,-0.14269613943367238,0.0324925729238821,-0.17608457472369055,0.06827591209110033,-0.11934523412152688,-0.08283381865305374
No,39,2B,-0.03888442211055277,-0.0448343023255814,0.09204152695383028,-0.04856652533817887,0.03141400806747341,0.007044333437402435,0.004528242677824278
No,40,2B,0.04476233701931012,0.1731781844022029,0.06892491838955386,0.3960126327551616,-0.05679764304543339,0.48628064065006,0.13554084526881158
No,41,2B,-0.048,-0.05719999999999999,0.22314285714285714,-0.057999999999999996,-0.06633333333333334,0.16576470588235295,0.04658823529411766
No,42,2B,-0.07982587674058793,-0.11629782903663502,0.2267312396351575,-0.03505569787300107,0.008946655835364201,0.17098700128919173,0.03618345732692425
No,43,2B,-0.08173797003670999,-0.11644142649803027,-0.009859247135842875,0.0461934439498179,0.06034751115233424,-0.002238450675811973,0.04656344961113123
No,44,2B,-0.0236,0.19244444444444445,-0.03430769230769231,0.08070588235294117,0.04904347826086956,0.024,0.023223880597014933
No,45,2B,-0.0704879943502825,-0.10293519553072628,-0.1143988938817836,-0.12574666952411842,-0.05168700671130298,-0.1410603965809485,-0.03620087977512434
No,0,1B,0.06430561020036431,0.00703368706811453,-0.046737897012488205,-0.03051829268292682,0.03168040588374106,-0.04992113251274961,-0.017588834671955204
No,1,1B,-0.05370730988669542,-0.09129823103933361,0.032726476482111105,-0.08127791901779624,-0.002533130601792563,-0.09962735042734977,-0.04710541017798024
No,2,1B,0.03356542129123026,-0.016543617421865192,-0.12587030870402952,-0.0864911409896996,-0.07381730347097201,-0.08128842380374691,-0.013990520514600613
No,3,1B,0.157,0.08185714285714286,0.034777777777777776,0.013272727272727275,-0.011714285714285727,0.11857894736842106,0.013527777777777791
No,4,1B,0.028285714285714292,-0.023254128440366974,0.04992540774115354,0.053236348318909395,0.04332889494652967,0.0786374703458609,0.019872009082535398
No,5,1B,-0.035871080139372825,0.09115482986983328,0.08610399397136397,0.02447390750954602,0.03753749999999996,0.10662418300653594,0.04631423336686306
No,6,1B,-0.056546472052423934,0.0993766946704005,0.043180024727194545,0.10338899997310068,0.16755283321015033,0.10375629356701854,0.052465542161493704
No,7,1B,-0.041749999999999995,0.12066666666666667,-0.055624999999999994,0.043199999999999995,0.01907692307692308,-0.010333333333333332,-0.011942857142857137
No,8,1B,-0.015232111692844687,-0.048706226650062266,0.0608103185515265,0.14662619614537942,-0.010723582697201013,0.10937083923804501,0.13604651494196018
No,9,1B,-0.018,-0.0276,-0.03371428571428572,-0.029333333333333333,-0.03183333333333334,-0.0348235294117647,-0.03611764705882352
No,10,1B,0.1215425168407693,0.02996024741121689,-0.13590905247582305,0.05134317590182223,-0.07565145335463093,-0.005916412732642629,0.022114063475185512
No,11,1B,-0.06542857142857143,-0.08427272727272726,-0.09026666666666668,-0.08392412844778775,-0.09256370817991698,0.020955881454323255,-0.04625468338321734
No,12,1B,0.34599075654246875,0.30657889429218116,-0.18234117169774466,0.10752961980548184,-0.03795334707605511,0.1331651167308757,0.06091333455724867
No,13,1B,-0.09363485673691686,-0.059079856622399805,-0.18907435841193246,-0.13777215918908023,-0.041880489314103486,-0.12121163248957194,-0.03658938704029805
No,14,1B,-0.08623955431754873,-0.11907514153371075,-0.025497022446174977,-0.15343959677419353,-0.014285146942017494,-0.020660878528385645,-0.05380313237949717
No,15,1B,0.36044444444444446,0.19984615384615384,0.22541176470588237,0.14514285714285716,0.003777777777777793,0.05918918918918918,0.033211267605633824
No,16,1B,-0.09701889279437609,-0.03728933421662802,0.10634628783773321,0.055746324356514235,-0.08574938917975565,0.10559178743961355,0.0012795423606367913
No,17,1B,-0.041199999999999994,-0.033555555555555554,-0.029230769230769227,-0.0365,-0.03327272727272728,-0.041499999999999995,0.027249999999999993
No,18,1B,-0.05912033195020747,-0.07773520050922979,0.05865499616662407,-0.08932308369369714,-0.0188541736506872,-0.03512324471072831,-0.04264695810427357
No,19,1B,-0.08932014062584696,-0.1450394475116543,-0.0657429639834678,-0.1976334049829279,-0.144301863359234,-0.23981693435911278,-0.18593174661498763
No,20,1B,-0.08731766792285522,-0.13384470870777812,-0.04884175824175825,-0.08358011581695604,-0.11739484276563196,-0.15032457545976274,-0.05326655365278953
No,21,1B,0.09427707115847371,0.005094362255097971,-0.1453483615734866,-0.07398365659777423,0.17814598008563431,0.019804601056067076,0.014540685508826782
No,22,1B,-0.06324803149606298,-0.08811066799601197,0.03492775436484046,-0.10467957684909951,-0.02745379876796715,-0.0604399189604583,-0.061891369531447554
No,23,1B,0.05353846153846153,0.09094117647058823,-0.1762857142857143,0.12559999999999996,-0.08935483870967738,-0.04478048780487806,-0.05637333333333332
No,24,1B,-0.03727882037533512,-0.048024861878453035,0.09412658227848102,0.1803733562773734,0.033189178983709135,0.06850064624702518,0.008365622099216125
No,25,1B,0.20006716417910583,-0.09752210569607238,0.08977797630746691,-0.06527745024916984,0.24136564982347747,0.06544089711963588,0.19722762879195632
No,26,1B,-0.0898634069400631,-0.1285094392004442,0.15276200833621523,-0.0012992829501479576,0.013101784704837317,0.0978353000605749,0.07305591527638222
No,27,1B,0.14954886668291492,0.2439384985612622,0.038001899335232736,0.0953136852020582,-0.11972014840581041,0.04278982996483191,0.012033137239839523
No,28,1B,-0.04093206197854589,-0.049791005291005296,0.0893007256113948,0.07697229872023326,0.041891773387161456,0.00989213810354966,0.006159024904758927
No,29,1B,-0.030416906267970112,0.057160821700147586,0.025300918196994992,-0.019925470332851032,0.2528303077077951,0.19129847998119565,0.12188255038854783
No,30,1B,0.07523564143853997,0.12554323725055433,-0.1527766459627329,0.11008749337700495,0.034235101707042845,0.1255113450001038,0.04611211543825783
No,31,1B,-0.029800000000000004,-0.032,-0.03430769230769231,-0.03480353489894444,-0.032925652733871914,-0.03406180902837231,0.02364874613534868
No,32,1B,-0.04509829059829059,-0.048401541695865455,-0.044043313069908815,-0.04690318576748035,0.03139192139737991,-0.052511229462895034,-0.024906145995118693
No,33,1B,-0.06915254237288136,-0.08400473711912979,0.20380967638577377,0.023805340008343775,0.077394156460309,0.020782764536394695,0.01514043151183855
No,34,1B,-0.044666666666666674,-0.058499999999999996,-0.060000000000000005,-0.06142476091162306,0.0186308548968228,0.053579608079274275,-0.009942444070054448
No,35,1B,-0.07874189330543933,-0.11100782083185211,-0.01428358208955223,-0.13767566233338815,0.004742942050520055,-0.045176916863785846,-0.05164361337021857
No,36,1B,-0.057333333333333326,-0.0644,-0.062,-0.06866666666666667,-0.0695,0.04894117647058824,0.046823529411764715
No,37,1B,0.11208126649076516,0.1719998087474151,0.21867280176229595,0.14201626148834606,-0.08618155857783563,0.11048933526790754,0.022485720770506055
No,38,1B,0.029936425607587427,-0.048246887075998286,-0.1822097645769565,-0.07393419780927901,-0.1757023117863835,0.07402286051308782,0.0002894447756681563
No,39,1B,0.29000000000000004,0.14579999999999999,0.07842857142857142,0.04611111111111111,0.01624999999999999,-0.0075294117647058895,0.01794117647058824
No,40,1B,0.041230493549610545,0.20040890168590317,0.047786241145110674,0.22972599825021092,0.18978391226591998,0.36224530947822037,0.39484104533909065
No,41,1B,0.062300091213134685,-0.02676555716353111,0.016875782981593916,-0.11390664086298963,-0.0337783043849993,-0.06614968221695695,-0.07710620920191522
No,42,1B,-0.09401446153846155,-0.0027886497064579276,-0.0411907164480323,0.08834930977644997,-0.0358154779969651,0.1588506940649251,0.052620182628235965
No,43,1B,-0.09298465998308973,0.015097323600973237,-0.14740923484792692,-0.06994107120030678,-0.03205280773521752,0.07119754243814244,0.09992834676417342
No,44,1B,-0.026000000000000002,-0.03311111111111111,0.11723076923076922,-0.032588235294117654,0.05147826086956522,-0.03781818181818182,0.024029850746268663
No,45,1B,-0.08679775280898876,0.04259219088937093,0.2111178200533039,0.04393516810895163,-0.3765106382978541,0.04663699639620794,0.01699052111410604
